{"type":"FeatureCollection","features":[{"type":"Feature","properties":{"county":"Antrim","name":"County Antrim"},"geometry":{"type":"MultiPolygon","coordinates":[[[[-6.6689889,55.198349],[-6.6113681,55.1805185],[-6.5679709,55.1348476],[-6.5818971,55.0930087],[-6.6081153,55.0793455],[-6.5800341,55.0574398],[-6.5725669,55.0358767],[-6.5824326,55.009764],[-6.570077,54.9855878],[-6.5461834,54.9798426],[-6.5444612,54.9591295],[-6.4996423,54.9185462],[-6.506249,54.9081135],[-6.4573392,54.8244825],[-6.4802168,54.7757926],[-6.4570363,54.7619547],[-6.4960535,54.7138252],[-6.4065902,54.6489204],[-6.4253393,54.5679094],[-6.3803741,54.5140217],[-6.2297944,54.4956497],[-6.1879058,54.4773205],[-6.1303551,54.4974253],[-6.0277032,54.5044083],[-6.0176667,54.5364708],[-5.992768,54.5428814],[-5.9728913,54.5307395],[-5.9601491,54.5378502],[-5.9647128,54.5474262],[-5.9294739,54.5583904],[-5.9309183,54.5758948],[-5.9128911,54.595337],[-5.9196864,54.602807],[-5.872464,54.6373075],[-5.9059752,54.6298779],[-5.8988036,54.6391786],[-5.9150298,54.6429517],[-5.8953034,54.6743365],[-5.8340726,54.7076612],[-5.7446449,54.7254372],[-5.687963,54.7670074],[-5.6919413,54.8103033],[-5.7224513,54.8462314],[-5.7627268,54.8593485],[-5.7911295,54.8485165],[-5.7345897,54.8136086],[-5.7219937,54.7725013],[-5.7542877,54.8111633],[-5.7424401,54.8122522],[-5.8070604,54.8272931],[-5.817293,54.8471072],[-5.8004678,54.8401513],[-5.7977549,54.8545113],[-5.8365315,54.8801685],[-5.8443566,54.9006693],[-5.8781035,54.9077097],[-5.9189359,54.9619122],[-5.9882234,54.981886],[-5.963427,55.0490744],[-5.9924021,55.0591889],[-6.0427043,55.0530083],[-6.0587474,55.0636165],[-6.0355677,55.1035951],[-6.042321,55.1290076],[-6.02544,55.13995],[-6.02534,55.15634],[-6.0616233,55.1986363],[-6.11635,55.20965],[-6.141752,55.2275737],[-6.2373038,55.203798],[-6.3326029,55.2395731],[-6.3684816,55.2458645],[-6.4075431,55.232301],[-6.4823393,55.2521415],[-6.5310367,55.2337314],[-6.5459158,55.21596],[-6.6477385,55.2038767],[-6.6627848,55.2126736],[-6.6553644,55.2013343],[-6.6689889,55.198349]]],[[[-6.2864565,55.2943697],[-6.1928948,55.2928478],[-6.2007605,55.2713773],[-6.1910698,55.2585726],[-6.16786,55.29809],[-6.2400237,55.3130865],[-6.2864565,55.2943697]]]]}},{"type":"Feature","properties":{"county":"Armagh","name":"County Armagh"},"geometry":{"type":"Polygon","coordinates":[[[-6.8780378,54.2792432],[-6.8277429,54.2614872],[-6.8161689,54.2230244],[-6.7414734,54.1821505],[-6.6916863,54.2001645],[-6.6439405,54.1799937],[-6.629684,54.153531],[-6.6485245,54.1216257],[-6.6612681,54.1226628],[-6.6450586,54.0959952],[-6.6588461,54.096141],[-6.6583963,54.0755641],[-6.6689854,54.0728911],[-6.6238101,54.0364597],[-6.5865498,54.057554],[-6.5105066,54.0526806],[-6.4712996,54.0663025],[-6.4777724,54.0771122],[-6.4434469,54.0564902],[-6.3910674,54.058845],[-6.3635317,54.0726004],[-6.3662015,54.1137422],[-6.3399326,54.1118875],[-6.336345,54.0947192],[-6.3178815,54.0909762],[-6.2908641,54.1126812],[-6.3487392,54.1711851],[-6.3504621,54.1843652],[-6.3348958,54.185442],[-6.37398,54.246992],[-6.3543097,54.2741924],[-6.3714691,54.2918819],[-6.3626339,54.3407732],[-6.4003728,54.3932956],[-6.3768522,54.4044843],[-6.3789352,54.4227616],[-6.3503109,54.4413257],[-6.3052893,54.4461922],[-6.3103738,54.4637624],[-6.2935635,54.4745029],[-6.2955476,54.4873739],[-6.3803741,54.5140217],[-6.4253393,54.5679094],[-6.5407472,54.5428804],[-6.5910389,54.5038011],[-6.6284742,54.504198],[-6.6506872,54.4868123],[-6.6496594,54.4701871],[-6.6970439,54.4422852],[-6.7101787,54.4038337],[-6.7941081,54.4148595],[-6.8368696,54.33573],[-6.8654496,54.3281871],[-6.8511344,54.2919346],[-6.8780378,54.2792432]]]}},{"type":"Feature","properties":{"county":"Down","name":"County Down"},"geometry":{"type":"MultiPolygon","coordinates":[[[[-6.4003728,54.3932956],[-6.3626339,54.3407732],[-6.3714691,54.2918819],[-6.3543097,54.2741924],[-6.37398,54.246992],[-6.3350485,54.1858649],[-6.3504775,54.18434],[-6.3438181,54.1647229],[-6.2908641,54.1126812],[-6.2540579,54.0963619],[-6.1988366,54.0977883],[-6.1830073,54.0736185],[-6.1593425,54.0649583],[-6.0950346,54.0626723],[-6.0741624,54.0451076],[-6.1075757,54.0401126],[-6.062304,54.0228909],[-5.9881991,54.0575809],[-5.9961414,54.0613382],[-5.9630254,54.0627174],[-5.893264,54.1088534],[-5.871419,54.167195],[-5.8919186,54.206339],[-5.8314621,54.2400875],[-5.8384267,54.2532216],[-5.8583148,54.2387249],[-5.859862,54.2506465],[-5.8226568,54.2813023],[-5.8155797,54.2593002],[-5.8336307,54.2567336],[-5.8213,54.242435],[-5.694572,54.251357],[-5.659214,54.225495],[-5.637092,54.2416016],[-5.6397744,54.2629935],[-5.6119916,54.2465649],[-5.6078498,54.2656268],[-5.595393,54.260709],[-5.549244,54.307175],[-5.524489,54.31077],[-5.5422922,54.319875],[-5.5504803,54.3694531],[-5.5631679,54.3759809],[-5.5676106,54.3644518],[-5.5723652,54.3830274],[-5.665927,54.3624382],[-5.6848038,54.3715713],[-5.65424,54.3814348],[-5.6412542,54.4004995],[-5.644203,54.4303828],[-5.628364,54.431283],[-5.6439576,54.448404],[-5.6266396,54.4634004],[-5.6505395,54.4528078],[-5.639281,54.464354],[-5.6547189,54.4648429],[-5.6445801,54.4807743],[-5.6539906,54.4848621],[-5.6397896,54.4889485],[-5.6778014,54.4969317],[-5.6762395,54.5097158],[-5.6533119,54.5197057],[-5.6819166,54.5200858],[-5.6858013,54.533132],[-5.7372667,54.5458195],[-5.6966709,54.5468341],[-5.6989626,54.5684749],[-5.6793217,54.583325],[-5.613834,54.558428],[-5.5822139,54.5325535],[-5.5600314,54.5322317],[-5.54247,54.484878],[-5.529438,54.4854806],[-5.544303,54.461267],[-5.5286919,54.4543684],[-5.5349027,54.4377948],[-5.5480414,54.4381112],[-5.5340731,54.4340967],[-5.5401206,54.4253846],[-5.5488316,54.4350138],[-5.5768577,54.4231977],[-5.5795568,54.4005354],[-5.504289,54.331689],[-5.4804047,54.3595704],[-5.4897711,54.3763722],[-5.4587634,54.389244],[-5.4790655,54.4303614],[-5.4357481,54.4568762],[-5.442137,54.4754666],[-5.432562,54.486628],[-5.4636329,54.498534],[-5.4859265,54.546534],[-5.477282,54.563864],[-5.5214955,54.5975342],[-5.54143,54.654517],[-5.5970051,54.6802378],[-5.6332782,54.6802286],[-5.6377208,54.6678243],[-5.6725837,54.6629404],[-5.7408419,54.6776709],[-5.8547402,54.6332346],[-5.872464,54.6373075],[-5.9196864,54.602807],[-5.9128911,54.595337],[-5.9309183,54.5758948],[-5.9294739,54.5583904],[-5.9647128,54.5474262],[-5.9601491,54.5378502],[-5.9728913,54.5307395],[-5.992768,54.5428814],[-6.0176667,54.5364708],[-6.0277032,54.5044083],[-6.1303551,54.4974253],[-6.1879058,54.4773205],[-6.2297944,54.4956497],[-6.3563727,54.5094449],[-6.2955476,54.4873739],[-6.3120785,54.4553476],[-6.3023262,54.44932],[-6.3503109,54.4413257],[-6.3789352,54.4227616],[-6.3768522,54.4044843],[-6.4003728,54.3932956]]],[[[-5.5451848,54.6728218],[-5.520293,54.671353],[-5.5338085,54.6816995],[-5.5451848,54.6728218]]]]}},{"type":"Feature","properties":{"county":"Fermanagh","name":"County Fermanagh"},"geometry":{"type":"Polygon","coordinates":[[[-8.1775099,54.4647612],[-8.1429143,54.4509245],[-8.1618468,54.4420305],[-8.0841613,54.3974065],[-8.0573261,54.3657226],[-8.0009305,54.3584648],[-7.9615952,54.312469],[-7.8618694,54.2934313],[-7.8732238,54.2794462],[-7.8604615,54.2602599],[-7.8601691,54.2172798],[-7.8117352,54.2007467],[-7.6854337,54.2077607],[-7.6765985,54.1820392],[-7.6561272,54.1857197],[-7.610433,54.1437826],[-7.5745375,54.1415122],[-7.5477824,54.1221766],[-7.5280969,54.1357411],[-7.4793775,54.1222196],[-7.4419219,54.1540929],[-7.4095892,54.156458],[-7.4207839,54.1370532],[-7.372794,54.1396266],[-7.3918058,54.1201274],[-7.3631985,54.1316004],[-7.3186709,54.1132886],[-7.3053349,54.1233641],[-7.3395628,54.1467174],[-7.2912976,54.1719648],[-7.279967,54.167969],[-7.2838219,54.1538484],[-7.301494,54.144214],[-7.2855117,54.1362582],[-7.3089111,54.1321133],[-7.2905342,54.1194636],[-7.2629552,54.1374093],[-7.2581192,54.1645085],[-7.240283,54.1696954],[-7.2582784,54.177372],[-7.2594208,54.1922517],[-7.2329953,54.1978367],[-7.2480558,54.2044601],[-7.1881122,54.2248887],[-7.1450287,54.2247272],[-7.1589271,54.2439561],[-7.1422492,54.2555935],[-7.1609173,54.2737117],[-7.1793724,54.2725964],[-7.1730151,54.2861306],[-7.2121862,54.2996241],[-7.179493,54.3092412],[-7.1814857,54.3332548],[-7.2012848,54.3418053],[-7.246309,54.327017],[-7.2718503,54.3439807],[-7.2805886,54.3715633],[-7.3337656,54.372037],[-7.3409115,54.3844974],[-7.3313615,54.4045812],[-7.3615714,54.4191083],[-7.3671023,54.4375404],[-7.4272633,54.4426499],[-7.4247137,54.4333327],[-7.5090685,54.4054499],[-7.5535067,54.4391055],[-7.5687473,54.431013],[-7.6245123,54.4394002],[-7.6304354,54.4535443],[-7.6053779,54.4603691],[-7.6204708,54.4592206],[-7.6184978,54.4713148],[-7.6365615,54.4831131],[-7.5818054,54.4976134],[-7.559237,54.5429399],[-7.5281224,54.5558492],[-7.5457161,54.5699782],[-7.5878282,54.5640186],[-7.6247476,54.584744],[-7.6698117,54.5836743],[-7.6913237,54.6105377],[-7.793408,54.5818758],[-7.8332549,54.5522326],[-7.8240183,54.5442669],[-7.8506553,54.5331824],[-8.0060085,54.5459409],[-8.0418515,54.5063808],[-8.0426472,54.4876308],[-8.1775099,54.4647612]]]}},{"type":"Feature","properties":{"county":"Londonderry","name":"County Londonderry"},"geometry":{"type":"MultiPolygon","coordinates":[[[[-7.4074365,54.9636281],[-7.3643725,54.9168472],[-7.2597015,54.9181216],[-7.2696511,54.8879955],[-7.2002638,54.8881635],[-7.2064308,54.8673457],[-7.1876952,54.8572174],[-7.2038548,54.8538311],[-7.1912269,54.8460685],[-7.1532875,54.8584733],[-7.156754,54.8478429],[-7.1016166,54.8129995],[-7.0042008,54.8207578],[-6.9873153,54.8330172],[-6.912148,54.820252],[-6.9224836,54.8027696],[-6.9034359,54.7832869],[-6.939874,54.7736367],[-6.9407201,54.752068],[-6.9705322,54.7372461],[-6.8913275,54.7246552],[-6.8301477,54.741169],[-6.8243213,54.7227322],[-6.7376829,54.6584519],[-6.6855875,54.653878],[-6.6937315,54.6421799],[-6.7122413,54.6469028],[-6.7156327,54.6285341],[-6.6783434,54.6345192],[-6.6807391,54.6426742],[-6.639836,54.6299755],[-6.6023759,54.6569753],[-6.5430057,54.6571658],[-6.4692432,54.6853649],[-6.4960535,54.7138252],[-6.4570363,54.7619547],[-6.4802168,54.7757926],[-6.4573392,54.8244825],[-6.506249,54.9081135],[-6.4996423,54.9185462],[-6.5444612,54.9591295],[-6.5461834,54.9798426],[-6.570077,54.9855878],[-6.5824326,55.009764],[-6.5725669,55.0358767],[-6.5800341,55.0574398],[-6.6081153,55.0793455],[-6.5818971,55.0930087],[-6.5679709,55.1348476],[-6.592691,55.1683716],[-6.6462969,55.1949295],[-6.7218064,55.1898694],[-6.73052,55.17164],[-6.8476224,55.1668959],[-6.964319,55.1949117],[-6.9657284,55.153617],[-6.9976099,55.1106317],[-6.9705136,55.103066],[-7.0153739,55.1041592],[-7.0243456,55.0907496],[-7.0140305,55.0768616],[-7.0437296,55.0532136],[-7.1315696,55.0419628],[-7.1479913,55.0461074],[-7.1485,55.06587],[-7.1491635,55.0571199],[-7.2259779,55.0608744],[-7.2516879,55.0441191],[-7.2454764,55.0635334],[-7.2647739,55.0666286],[-7.2890998,55.0473619],[-7.2994663,55.0561027],[-7.3182838,55.045074],[-7.3451588,55.050832],[-7.4030287,55.0073019],[-7.3913833,54.9972246],[-7.4074365,54.9636281]]]]}},{"type":"Feature","properties":{"county":"Tyrone","name":"County Tyrone"},"geometry":{"type":"Polygon","coordinates":[[[-7.9208904,54.6959641],[-7.8988601,54.6906419],[-7.9140285,54.675307],[-7.9039116,54.662586],[-7.8566922,54.6505747],[-7.8521283,54.6307756],[-7.8136649,54.6441098],[-7.7416462,54.6179722],[-7.7082987,54.6348714],[-7.7063848,54.6196401],[-7.6934932,54.6191174],[-7.7032585,54.6087268],[-7.676079,54.6033242],[-7.6698117,54.5836743],[-7.6247476,54.584744],[-7.5878282,54.5640186],[-7.5395766,54.5659075],[-7.5284355,54.555197],[-7.559237,54.5429399],[-7.5818054,54.4976134],[-7.6365615,54.4831131],[-7.6184978,54.4713148],[-7.6204708,54.4592206],[-7.6053779,54.4603691],[-7.6304354,54.4535443],[-7.6245123,54.4394002],[-7.5687473,54.431013],[-7.5535067,54.4391055],[-7.5090685,54.4054499],[-7.4247137,54.4333327],[-7.4272633,54.4426499],[-7.3671023,54.4375404],[-7.3615714,54.4191083],[-7.3313615,54.4045812],[-7.3409115,54.3844974],[-7.3337656,54.372037],[-7.2805886,54.3715633],[-7.2715408,54.3436041],[-7.2369427,54.3253027],[-7.2012848,54.3418053],[-7.1534387,54.3350128],[-7.1038807,54.3557382],[-7.1097858,54.3682436],[-7.0291018,54.4213722],[-6.9235358,54.3827665],[-6.9326882,54.3778625],[-6.9110818,54.374531],[-6.9064368,54.3504212],[-6.8761155,54.3465881],[-6.8682114,54.3307558],[-6.8407744,54.3334802],[-6.8045423,54.3798497],[-6.807564,54.3988658],[-6.7941081,54.4148595],[-6.7101787,54.4038337],[-6.6970439,54.4422852],[-6.6500478,54.4698245],[-6.6506872,54.4868123],[-6.6292709,54.5038897],[-6.5916544,54.5035104],[-6.5407472,54.5428804],[-6.4253393,54.5679094],[-6.4065902,54.6489204],[-6.4692432,54.6853649],[-6.5430057,54.6571658],[-6.6023759,54.6569753],[-6.639836,54.6299755],[-6.6807391,54.6426742],[-6.6783434,54.6345192],[-6.7156327,54.6285341],[-6.7122413,54.6469028],[-6.6937315,54.6421799],[-6.6855875,54.653878],[-6.7376829,54.6584519],[-6.8243213,54.7227322],[-6.8301477,54.741169],[-6.8913275,54.7246552],[-6.9705322,54.7372461],[-6.9407201,54.752068],[-6.939874,54.7736367],[-6.9034359,54.7832869],[-6.9224836,54.8027696],[-6.912148,54.820252],[-6.9873153,54.8330172],[-7.0042008,54.8207578],[-7.1016166,54.8129995],[-7.156754,54.8478429],[-7.1532875,54.8584733],[-7.1912269,54.8460685],[-7.2038548,54.8538311],[-7.1876952,54.8572174],[-7.2064308,54.8673457],[-7.2002638,54.8881635],[-7.2696511,54.8879955],[-7.2597015,54.9181216],[-7.301543,54.9249394],[-7.3573021,54.9149758],[-7.3923219,54.9454566],[-7.4472738,54.935241],[-7.44295,54.8715951],[-7.4839264,54.8238819],[-7.5492235,54.7893709],[-7.5476404,54.7555354],[-7.5346934,54.7470212],[-7.5433226,54.7426736],[-7.6365683,54.7515101],[-7.7500644,54.7042795],[-7.8366455,54.7364216],[-7.8795976,54.70269],[-7.9208904,54.6959641]]]}},{"type":"Feature","properties":{"county":"Carlow","name":"County Carlow"},"geometry":{"type":"Polygon","coordinates":[[[-7.1079443,52.7252631],[-7.0801432,52.7265335],[-7.0525102,52.7030268],[-7.0418823,52.7153713],[-6.9797931,52.6689885],[-6.9850685,52.6183262],[-6.9272665,52.5882456],[-6.9146639,52.5626823],[-6.9595418,52.5364425],[-6.934854,52.5274648],[-6.9404537,52.4998864],[-6.9185518,52.4755079],[-6.9346195,52.4670318],[-6.8845374,52.4664188],[-6.8341318,52.5148851],[-6.8367384,52.5305055],[-6.7784235,52.5782985],[-6.7803991,52.618111],[-6.7299526,52.6428002],[-6.6762543,52.6378335],[-6.6505425,52.6563676],[-6.6797003,52.6683848],[-6.6749793,52.677934],[-6.6199167,52.7085717],[-6.6542289,52.7461495],[-6.6456886,52.7515939],[-6.6564161,52.7687302],[-6.7109377,52.7763188],[-6.700422,52.8076501],[-6.6724451,52.8163304],[-6.6647163,52.8362291],[-6.5872685,52.8034716],[-6.5182684,52.8195065],[-6.5285732,52.8265133],[-6.5290546,52.8649176],[-6.5049559,52.877598],[-6.5270545,52.890058],[-6.549244,52.8746675],[-6.5868072,52.8795595],[-6.5901467,52.8971797],[-6.6460102,52.8962392],[-6.7120791,52.9179663],[-6.7458308,52.9125366],[-6.7497577,52.8896549],[-6.788472,52.8659908],[-6.8262825,52.8720824],[-6.8481731,52.8600814],[-6.8769752,52.8762083],[-6.868554,52.8617126],[-6.879666,52.8576614],[-6.9301588,52.8849851],[-6.9397771,52.8787221],[-6.9319173,52.8462223],[-6.946062,52.8395923],[-6.9442506,52.8212813],[-6.9653331,52.8094041],[-7.0400138,52.8080431],[-7.0907177,52.7760971],[-7.0832793,52.757244],[-7.1022537,52.7468435],[-7.0900344,52.7339535],[-7.1079443,52.7252631]]]}},{"type":"Feature","properties":{"county":"Cavan","name":"County Cavan"},"geometry":{"type":"Polygon","coordinates":[[[-8.0581838,54.2362087],[-8.0326545,54.213016],[-8.0507376,54.1975228],[-8.0422493,54.1830951],[-8.0055991,54.1922834],[-7.9528844,54.1787605],[-7.8313111,54.0985801],[-7.7995406,54.1165001],[-7.7628886,54.1096327],[-7.7365974,54.0829232],[-7.7086898,54.0841436],[-7.6849396,54.0602376],[-7.6379477,54.0427879],[-7.6404416,54.0225246],[-7.600673,54.0230292],[-7.586288,53.9590845],[-7.613291,53.9394221],[-7.5802313,53.9031231],[-7.5609518,53.9056154],[-7.5498981,53.8928645],[-7.5559657,53.878421],[-7.571946,53.8798977],[-7.584295,53.8521859],[-7.528094,53.8638012],[-7.4768874,53.8536502],[-7.4656703,53.8234836],[-7.4755203,53.8122098],[-7.4114276,53.7899337],[-7.4100543,53.7790278],[-7.3079969,53.8127253],[-7.2568585,53.7741189],[-7.2141652,53.7708819],[-7.21257,53.7856393],[-7.1567706,53.7941009],[-7.1540604,53.806242],[-7.1107086,53.7915182],[-7.1049553,53.7765748],[-7.0021641,53.7655541],[-6.995448,53.7811564],[-6.9814639,53.7726589],[-6.9631797,53.7910877],[-6.9333784,53.7826357],[-6.9401236,53.7983879],[-6.9128304,53.8088705],[-6.9630835,53.8437406],[-6.9732266,53.8720881],[-6.9565147,53.8636053],[-6.9306778,53.8721452],[-6.9357077,53.8913932],[-6.9240886,53.8928424],[-6.8813791,53.8752861],[-6.8450609,53.8788563],[-6.8463574,53.8886393],[-6.8231391,53.8975336],[-6.7935198,53.8866872],[-6.7792763,53.9162433],[-6.7619658,53.9143678],[-6.7773059,53.9278368],[-6.8302966,53.9320289],[-6.8889194,54.0117179],[-6.9250481,54.0119224],[-6.9397421,54.0334902],[-7.0255505,54.0792992],[-7.0177715,54.0986488],[-7.0491432,54.1005144],[-7.0871021,54.0817614],[-7.1181664,54.0956056],[-7.1501272,54.0820925],[-7.2233945,54.1023934],[-7.2631611,54.093228],[-7.3173706,54.1066262],[-7.3271274,54.1245777],[-7.3437962,54.1159309],[-7.3691241,54.1312367],[-7.3918058,54.1201274],[-7.372794,54.1396266],[-7.4207839,54.1370532],[-7.4095892,54.156458],[-7.4419219,54.1540929],[-7.4793775,54.1222196],[-7.5280969,54.1357411],[-7.5477824,54.1221766],[-7.5745375,54.1415122],[-7.610433,54.1437826],[-7.6561272,54.1857197],[-7.6765985,54.1820392],[-7.6854337,54.2077607],[-7.8117352,54.2007467],[-7.8601691,54.2172798],[-7.8604615,54.2602599],[-7.8732238,54.2794462],[-7.8618694,54.2934313],[-7.8882844,54.3005044],[-7.946681,54.3044887],[-8.0037364,54.2494023],[-8.0413167,54.2540493],[-8.0581838,54.2362087]]]}},{"type":"Feature","properties":{"county":"Clare","name":"County Clare"},"geometry":{"type":"MultiPolygon","coordinates":[[[[-9.9387575,52.5596586],[-9.8057332,52.5655006],[-9.7380254,52.5873156],[-9.6795024,52.5728234],[-9.6357583,52.5995867],[-9.4079083,52.5919196],[-9.3638366,52.6024543],[-9.3369637,52.5829576],[-9.2968695,52.5778808],[-9.2291886,52.6078171],[-9.1484647,52.6150574],[-9.0726516,52.6499252],[-9.0179542,52.6496217],[-8.9518435,52.6700035],[-8.8249058,52.6801987],[-8.7884523,52.6688481],[-8.7068095,52.6700501],[-8.653941,52.6900412],[-8.6182232,52.6888661],[-8.5919379,52.669339],[-8.5512788,52.6789642],[-8.532982,52.7039389],[-8.5018213,52.7182669],[-8.5077224,52.7485097],[-8.4428721,52.786476],[-8.4367588,52.8062601],[-8.4488943,52.8122633],[-8.4553793,52.8470276],[-8.4187716,52.8755175],[-8.4075363,52.9126225],[-8.3384967,52.9152403],[-8.2824194,52.9704534],[-8.3395507,52.9874325],[-8.3645361,52.9716156],[-8.4088622,52.994912],[-8.4501147,52.9722895],[-8.4846725,52.9888834],[-8.502662,52.9831737],[-8.5110849,53.0093747],[-8.5281865,53.0237466],[-8.552762,53.0228809],[-8.5557988,53.0421505],[-8.6758342,53.0375241],[-8.7195524,53.0253517],[-8.7408147,53.002627],[-8.7795134,52.9886902],[-8.7860338,52.971995],[-8.8366595,52.9905086],[-8.8584068,52.9681816],[-8.8602883,52.9789629],[-8.885226,52.9780525],[-8.8962881,53.0007458],[-8.8981318,53.0116301],[-8.8834211,53.0164126],[-8.9004421,53.0347029],[-8.8912021,53.0603945],[-9.0110756,53.1028453],[-9.0279991,53.130239],[-9.0093148,53.1406822],[-9.0314426,53.1460402],[-9.0242422,53.1513282],[-9.1136767,53.1573651],[-9.1360776,53.1496455],[-9.1095502,53.1489992],[-9.1169641,53.139999],[-9.0894791,53.1475977],[-9.071502,53.1220114],[-9.1017187,53.1384404],[-9.09474,53.1438],[-9.1517896,53.1169083],[-9.1871117,53.1345203],[-9.1677764,53.1348579],[-9.2648753,53.154324],[-9.2922879,53.133133],[-9.2883847,53.118807],[-9.3107727,53.092405],[-9.3577603,53.0732484],[-9.3649026,53.0510874],[-9.4092538,53.0188316],[-9.3916473,53.0085675],[-9.4303277,52.9848473],[-9.4315812,52.9663105],[-9.4764557,52.9412947],[-9.4669282,52.9302544],[-9.4003196,52.9326111],[-9.3476748,52.9513391],[-9.3401919,52.9434286],[-9.3585807,52.94223],[-9.3465467,52.9312013],[-9.3524596,52.918308],[-9.4360501,52.884115],[-9.4442909,52.8658586],[-9.4265655,52.8664865],[-9.4519383,52.8493206],[-9.4328316,52.8354751],[-9.4928194,52.8091008],[-9.4853032,52.7909115],[-9.5021866,52.7871786],[-9.4813424,52.7774686],[-9.5033938,52.7695555],[-9.4926865,52.7631441],[-9.4967007,52.7502793],[-9.5281688,52.7459868],[-9.5324072,52.7351535],[-9.5473575,52.7520661],[-9.6070555,52.7441167],[-9.6081198,52.7332303],[-9.6348862,52.7285972],[-9.6156917,52.7159041],[-9.6600748,52.6923481],[-9.6493229,52.679185],[-9.667638,52.6863111],[-9.7338532,52.6424409],[-9.7983128,52.6223044],[-9.8065678,52.6045264],[-9.8802951,52.5909742],[-9.8696677,52.585912],[-9.9387575,52.5596586]]]]}},{"type":"Feature","properties":{"county":"Cork","name":"County Cork"},"geometry":{"type":"MultiPolygon","coordinates":[[[[-10.2378799,51.5834003],[-10.156828,51.6075752],[-10.2013403,51.6050962],[-10.2378799,51.5834003]]],[[[-10.1621626,51.5838957],[-10.1208132,51.6023743],[-10.0711258,51.6049019],[-10.0441573,51.6033321],[-10.0542363,51.5928194],[-10.0349059,51.5976746],[-10.0480618,51.5912269],[-10.0380006,51.5888948],[-9.9652734,51.621368],[-9.9341296,51.6154387],[-9.9229618,51.6334751],[-9.9396434,51.6364038],[-9.9153652,51.6376868],[-9.9040828,51.6548236],[-9.73162,51.66673],[-9.7242895,51.6750029],[-9.7360854,51.6854199],[-9.7264681,51.6923776],[-9.7181686,51.6762808],[-9.6677888,51.6835612],[-9.6761359,51.6699629],[-9.6456,51.67428],[-9.5815194,51.7094037],[-9.5492,51.71268],[-9.5482617,51.7350334],[-9.5590934,51.733074],[-9.5384476,51.7525232],[-9.5272059,51.744622],[-9.5322824,51.7299514],[-9.4902708,51.71385],[-9.4489183,51.7362867],[-9.4628574,51.7156642],[-9.4393658,51.7231873],[-9.4561148,51.7076534],[-9.43981,51.709259],[-9.4603586,51.6981194],[-9.4407479,51.6946602],[-9.5092632,51.6634609],[-9.7015181,51.6128816],[-9.8486441,51.5436521],[-9.7304844,51.5595608],[-9.634106,51.6000273],[-9.525481,51.6197338],[-9.6448613,51.5667124],[-9.6453211,51.5527428],[-9.6633253,51.5448956],[-9.65359,51.54226],[-9.7508391,51.5227568],[-9.8369618,51.4829387],[-9.8070112,51.4746909],[-9.8215408,51.4490713],[-9.7953022,51.4504746],[-9.7638479,51.4803237],[-9.7770543,51.4721391],[-9.7600414,51.4610509],[-9.7719277,51.4475308],[-9.7015078,51.4698984],[-9.7516764,51.4641424],[-9.7040871,51.4764379],[-9.709658,51.4957084],[-9.6632049,51.4995794],[-9.6644036,51.5176796],[-9.6435016,51.52084],[-9.6304178,51.4984607],[-9.6180104,51.4983417],[-9.6325933,51.4918572],[-9.615111,51.4918199],[-9.5852611,51.4974416],[-9.6115608,51.4991356],[-9.5872193,51.5166656],[-9.5851075,51.5034045],[-9.5472349,51.5088282],[-9.5354887,51.5302404],[-9.52542,51.52932],[-9.5298135,51.512968],[-9.47674,51.53017],[-9.4551527,51.5251324],[-9.4343199,51.5418789],[-9.4473693,51.5427366],[-9.4581717,51.5632466],[-9.4292387,51.543446],[-9.4134825,51.5525855],[-9.4136898,51.5398627],[-9.393295,51.5518681],[-9.4060155,51.5221623],[-9.4312284,51.5106883],[-9.4244704,51.5037671],[-9.412177,51.5154326],[-9.4129654,51.4960892],[-9.3721537,51.5132512],[-9.368095,51.5276221],[-9.2853864,51.5516516],[-9.32031,51.54467],[-9.3192102,51.5333869],[-9.3545814,51.5137166],[-9.3574567,51.4860469],[-9.3889941,51.4746459],[-9.3802464,51.4693791],[-9.3445518,51.4681769],[-9.2915777,51.4903867],[-9.2957513,51.4986707],[-9.2656103,51.5026343],[-9.2717241,51.4840044],[-9.2365371,51.4967784],[-9.2429347,51.482399],[-9.2286513,51.4808134],[-9.2091086,51.4874212],[-9.2163226,51.4978704],[-9.1885331,51.5079334],[-9.1709999,51.5325998],[-9.1750586,51.5160056],[-9.1090824,51.538085],[-9.1169,51.55606],[-9.1412017,51.5597566],[-9.1448741,51.5799923],[-9.1317532,51.5624748],[-9.0855451,51.5459871],[-9.062127,51.5515914],[-9.0694239,51.5601889],[-9.05235,51.55137],[-9.0426214,51.5554338],[-9.0519098,51.5618007],[-9.0142724,51.5588741],[-9.0299453,51.5741821],[-9.0215906,51.5755032],[-9.0184687,51.5650875],[-8.956692,51.551962],[-8.9533315,51.5294116],[-8.9398725,51.5460795],[-8.9178837,51.5394667],[-8.88937,51.5512],[-8.8953522,51.5679091],[-8.8692583,51.5759864],[-8.8661784,51.5908329],[-8.8924374,51.6040957],[-8.7762819,51.5819576],[-8.7641503,51.5957315],[-8.7513131,51.5815397],[-8.7585839,51.5726657],[-8.7125291,51.5694238],[-8.6970327,51.5824224],[-8.7044973,51.5942947],[-8.6764145,51.608651],[-8.7021649,51.6178655],[-8.682599,51.6363489],[-8.7115673,51.6392289],[-8.6982917,51.6495539],[-8.6805665,51.644234],[-8.6731697,51.6661136],[-8.6592495,51.6345958],[-8.5798639,51.6439619],[-8.533395,51.6039579],[-8.5407494,51.6187458],[-8.5278693,51.6274211],[-8.5517527,51.6432098],[-8.519735,51.6787838],[-8.5329216,51.6855872],[-8.5022136,51.6861597],[-8.5097247,51.7008048],[-8.5333022,51.6896513],[-8.5448692,51.70039],[-8.5072379,51.7046167],[-8.4916902,51.6888862],[-8.4974761,51.6781423],[-8.4768403,51.6738524],[-8.4508004,51.6928505],[-8.4716196,51.7111522],[-8.4528896,51.6971553],[-8.4382513,51.7162706],[-8.447192,51.6892286],[-8.4285963,51.6872497],[-8.4231599,51.7015523],[-8.3401091,51.7161901],[-8.3299241,51.7341605],[-8.31096,51.73143],[-8.3124794,51.7445013],[-8.3000044,51.7444532],[-8.2998779,51.7694],[-8.3393061,51.7649088],[-8.2928344,51.7795846],[-8.2750224,51.8092639],[-8.3280178,51.8012724],[-8.3886488,51.8137269],[-8.2935931,51.8087897],[-8.325448,51.8225627],[-8.3042428,51.8192353],[-8.2993984,51.8356748],[-8.3598668,51.837733],[-8.3331185,51.8469457],[-8.33079,51.8662688],[-8.3188263,51.8428241],[-8.2646706,51.8586629],[-8.2156721,51.8572513],[-8.2086919,51.8698464],[-8.2060922,51.8578443],[-8.1675293,51.8618729],[-8.1953627,51.8459758],[-8.1791411,51.8455145],[-8.2382894,51.8378672],[-8.2341829,51.8243699],[-8.2530264,51.8294003],[-8.2641868,51.8156449],[-8.24928,51.80537],[-8.2549792,51.7927056],[-8.1805282,51.7956568],[-8.1699812,51.7851625],[-8.1347193,51.8045818],[-8.0012871,51.8254992],[-8.0209743,51.8327631],[-8.020755,51.8448],[-7.9930709,51.8619204],[-7.866417,51.8800654],[-7.9071257,51.9039032],[-7.8416022,51.9404201],[-7.8422272,51.9541799],[-7.853341,51.9786055],[-7.9197811,51.9762381],[-7.9277716,52.0079213],[-7.9611901,52.0232653],[-7.9572127,52.036224],[-7.9867807,52.0345632],[-8.0221587,52.0555429],[-8.0139359,52.0742338],[-8.0280591,52.1032653],[-8.0827751,52.1286211],[-8.0784324,52.1370874],[-8.0621972,52.1262291],[-8.066199,52.1403414],[-8.1627834,52.1409854],[-8.1543955,52.1646596],[-8.1285469,52.174659],[-8.1253754,52.2011678],[-8.1047735,52.2064452],[-8.1022678,52.2310862],[-8.1609398,52.2419007],[-8.1652021,52.2776563],[-8.1832629,52.2876264],[-8.2463454,52.2971562],[-8.281756,52.2854436],[-8.3109032,52.323946],[-8.3410689,52.329252],[-8.3863428,52.2946887],[-8.5169539,52.2804346],[-8.5581384,52.3073815],[-8.5854244,52.307099],[-8.6276386,52.3467338],[-8.6618053,52.3516053],[-8.6723315,52.3837831],[-8.7348622,52.3709981],[-8.781538,52.3876673],[-8.7930993,52.3714893],[-8.7998335,52.3873551],[-8.8217444,52.3837955],[-8.8288725,52.3705957],[-8.8763024,52.3535193],[-8.8827627,52.3319375],[-8.98636,52.3109129],[-8.9785935,52.2922541],[-9.0335552,52.3224008],[-9.1360476,52.3443047],[-9.1744037,52.311926],[-9.2144139,52.3035156],[-9.2139211,52.2831094],[-9.248765,52.2781538],[-9.2481133,52.264508],[-9.2737596,52.2545299],[-9.2760046,52.2294692],[-9.2315574,52.1769978],[-9.2403632,52.1471906],[-9.2264666,52.119415],[-9.2105336,52.1103004],[-9.2048044,52.0873844],[-9.1844438,52.0828953],[-9.2199825,52.0583644],[-9.2113711,52.0232693],[-9.182239,52.0280935],[-9.1622572,52.0045431],[-9.1254894,52.007724],[-9.1187542,51.9981082],[-9.1331867,51.9840757],[-9.2551011,51.9696409],[-9.3027201,51.9462549],[-9.3017397,51.9248924],[-9.2740081,51.8956451],[-9.329566,51.8450669],[-9.4344761,51.8264776],[-9.4435525,51.8025402],[-9.4809831,51.7898719],[-9.6230648,51.7856613],[-9.6688159,51.7473834],[-9.7237465,51.7398688],[-9.7591439,51.7210709],[-9.7912412,51.6886511],[-9.8331141,51.6943437],[-9.823328,51.7171355],[-9.8436631,51.7228693],[-9.8332969,51.7328621],[-9.8557695,51.7512782],[-9.8971738,51.7389094],[-9.8699248,51.7572403],[-9.8816348,51.7633633],[-9.9298389,51.7401859],[-9.9744435,51.7355404],[-10.006483,51.7158541],[-9.9447961,51.7149189],[-9.9716512,51.6852417],[-10.0561111,51.6679274],[-10.0922485,51.6738443],[-10.1061021,51.6636053],[-10.0576088,51.6540642],[-10.0696686,51.6342889],[-10.0621612,51.6250848],[-10.1191421,51.6130853],[-10.1426256,51.6208606],[-10.1583707,51.612222],[-10.1428637,51.5968028],[-10.1621626,51.5838957]]],[[[-9.9194957,51.6216657],[-9.8839847,51.6101937],[-9.7974601,51.6315622],[-9.7816597,51.6471394],[-9.8300791,51.6321128],[-9.8233895,51.6374387],[-9.8371729,51.6448926],[-9.9004057,51.6390163],[-9.9194957,51.6216657]]],[[[-9.5356761,51.6790748],[-9.4945478,51.6793928],[-9.4787079,51.7056525],[-9.5356761,51.6790748]]],[[[-9.5281161,51.4271703],[-9.5134704,51.4200431],[-9.5030918,51.4359849],[-9.4978045,51.4256974],[-9.4603903,51.4489785],[-9.4888402,51.4499453],[-9.5281161,51.4271703]]],[[[-9.4560514,51.4889364],[-9.4291,51.48744],[-9.4232558,51.5001461],[-9.4560514,51.4889364]]],[[[-9.4390363,51.4613104],[-9.4344371,51.4520957],[-9.399538,51.467514],[-9.39853,51.48882],[-9.4165077,51.4858052],[-9.4096311,51.4710684],[-9.4344664,51.4769344],[-9.4221856,51.4709648],[-9.4390363,51.4613104]]],[[[-9.3925834,51.5015484],[-9.3815446,51.5020377],[-9.38004,51.48683],[-9.352905,51.5069566],[-9.3578296,51.5154466],[-9.3925834,51.5015484]]]]}},{"type":"Feature","properties":{"county":"Donegal","name":"County Donegal"},"geometry":{"type":"MultiPolygon","coordinates":[[[[-8.8057489,54.6985896],[-8.7825372,54.6891791],[-8.7914294,54.6603877],[-8.6910987,54.6421666],[-8.6776058,54.6329204],[-8.6885627,54.6274171],[-8.6796146,54.6184374],[-8.628576,54.6218883],[-8.6434833,54.6496266],[-8.6325998,54.6284379],[-8.6031576,54.62678],[-8.6182629,54.620376],[-8.583996,54.6167583],[-8.5856757,54.606242],[-8.4789314,54.6363175],[-8.4842976,54.6049787],[-8.4646922,54.6053822],[-8.4281834,54.6508959],[-8.4191518,54.6496657],[-8.4397223,54.6138479],[-8.3851594,54.6360813],[-8.3764422,54.6133849],[-8.4483039,54.58761],[-8.4615056,54.5672838],[-8.2738562,54.6579179],[-8.2831044,54.6465468],[-8.2717039,54.6357949],[-8.2986585,54.6013201],[-8.1481492,54.6488718],[-8.1672656,54.6417678],[-8.1619566,54.6285249],[-8.1087405,54.6550151],[-8.1438236,54.6305099],[-8.106123,54.632096],[-8.1319448,54.6234601],[-8.10638,54.6191],[-8.1102052,54.6112437],[-8.1319229,54.6187275],[-8.1351067,54.6034529],[-8.14911,54.60237],[-8.14912,54.62337],[-8.165086,54.625284],[-8.16603,54.59493],[-8.222529,54.5721205],[-8.212321,54.5479017],[-8.2691538,54.5250339],[-8.2478535,54.5088149],[-8.1954818,54.5008612],[-8.2606969,54.5046071],[-8.2824327,54.4775671],[-8.3217416,54.4733623],[-8.2990175,54.4636171],[-8.1146731,54.4690344],[-8.0890824,54.4870582],[-8.0426472,54.4876308],[-8.0418515,54.5063808],[-8.0060085,54.5459409],[-7.8506553,54.5331824],[-7.8240183,54.5442669],[-7.8332549,54.5522326],[-7.794101,54.5815257],[-7.6934932,54.6191174],[-7.7063848,54.6196401],[-7.7090045,54.6349718],[-7.7413552,54.6180268],[-7.7723623,54.6214885],[-7.8136649,54.6441098],[-7.8521283,54.6307756],[-7.8566922,54.6505747],[-7.9099003,54.6682786],[-7.8976344,54.6869203],[-7.9180428,54.7028206],[-7.8795976,54.70269],[-7.8366455,54.7364216],[-7.7500644,54.7042795],[-7.6365683,54.7515101],[-7.5346934,54.7470212],[-7.5476404,54.7555354],[-7.5492235,54.7893709],[-7.4839264,54.8238819],[-7.4442153,54.8694137],[-7.4472738,54.935241],[-7.3923219,54.9454566],[-7.4074365,54.9636281],[-7.391351,54.9977365],[-7.4055844,55.0033242],[-7.3913226,55.0223489],[-7.3451588,55.050832],[-7.2860116,55.0485716],[-7.159303,55.1488734],[-6.9515441,55.2097295],[-6.9222375,55.2360813],[-6.956552,55.2545574],[-7.00827,55.25591],[-7.0091812,55.2665344],[-7.0701777,55.2717641],[-7.1241871,55.2950217],[-7.1551573,55.2979343],[-7.1676242,55.2876788],[-7.15228,55.30313],[-7.17708,55.32041],[-7.17052,55.33619],[-7.19604,55.3481],[-7.3925435,55.3793753],[-7.3998451,55.3747865],[-7.3859829,55.3658474],[-7.3481454,55.358433],[-7.353545,55.3319067],[-7.3328517,55.3247876],[-7.3295003,55.310969],[-7.2504455,55.2940903],[-7.2665682,55.2896201],[-7.2468349,55.2783133],[-7.3485419,55.2845151],[-7.30383,55.29252],[-7.3128843,55.3064191],[-7.3630941,55.3186738],[-7.3782389,55.3154534],[-7.38314,55.2926451],[-7.43015,55.28192],[-7.46818,55.29649],[-7.47057,55.28102],[-7.522098,55.2863305],[-7.5087413,55.2656241],[-7.5341433,55.2469254],[-7.5176593,55.2389452],[-7.5451541,55.2174959],[-7.5398665,55.2018557],[-7.5549727,55.1975149],[-7.5157504,55.1824923],[-7.4613319,55.1373214],[-7.4587709,55.1191642],[-7.48467,55.09332],[-7.4577219,55.0787921],[-7.4545464,55.0632769],[-7.4902258,55.0846967],[-7.5288261,55.0768604],[-7.5241075,55.0580367],[-7.4699382,55.0498796],[-7.5131439,55.0401558],[-7.515719,55.0249086],[-7.5937364,54.9954577],[-7.639412,54.9590355],[-7.6380042,54.9471441],[-7.6411235,54.9593099],[-7.6257489,54.9679963],[-7.6597777,54.9693727],[-7.6404591,54.9964417],[-7.5807497,55.0183622],[-7.5595588,55.0443106],[-7.5780644,55.0546648],[-7.6519833,55.0370258],[-7.59654,55.06162],[-7.5996579,55.0737629],[-7.5858,55.08147],[-7.5285488,55.0946607],[-7.53151,55.1150023],[-7.51796,55.12293],[-7.520924,55.1396685],[-7.5741733,55.1668267],[-7.5715584,55.1798802],[-7.6184254,55.1914617],[-7.6252859,55.204494],[-7.6033616,55.2320176],[-7.6318892,55.277673],[-7.6602835,55.2781354],[-7.702551,55.2476891],[-7.7594429,55.2563655],[-7.7530646,55.2373521],[-7.798883,55.2156127],[-7.76818,55.19052],[-7.73753,55.19699],[-7.7453828,55.186802],[-7.7101688,55.1690102],[-7.7043516,55.1812141],[-7.7190046,55.1875531],[-7.7116308,55.2058667],[-7.723496,55.2202847],[-7.7007186,55.225484],[-7.7073566,55.215336],[-7.6962697,55.1961647],[-7.7161611,55.1962258],[-7.6951496,55.1929917],[-7.69739,55.17851],[-7.6792706,55.1845109],[-7.6814659,55.1672236],[-7.6646447,55.1585623],[-7.6953391,55.0988145],[-7.7022305,55.1070594],[-7.7154166,55.0994598],[-7.6882031,55.1433045],[-7.7116773,55.1668381],[-7.7293552,55.1749713],[-7.7207566,55.1598321],[-7.7647849,55.1885495],[-7.8066932,55.1783557],[-7.8006593,55.1867428],[-7.8166535,55.1993261],[-7.7885795,55.2247481],[-7.7874006,55.257463],[-7.8229626,55.2367419],[-7.816425,55.2253216],[-7.8663691,55.2299497],[-7.8739125,55.20279],[-7.8245896,55.1812822],[-7.8310378,55.1626965],[-7.8512832,55.1552003],[-7.837856,55.1505167],[-7.8578796,55.1424567],[-7.8557181,55.1286307],[-7.8686357,55.126726],[-7.8609458,55.1311118],[-7.8746543,55.1447462],[-7.9072332,55.1335311],[-7.85309,55.16471],[-7.9143713,55.1554969],[-7.87746,55.17287],[-7.8987431,55.1736169],[-7.89627,55.18816],[-7.9138712,55.1915597],[-7.930373,55.1785305],[-7.9834287,55.1857063],[-7.9447929,55.1965218],[-7.9394416,55.2085457],[-7.9831484,55.227989],[-8.0171506,55.2137347],[-8.025446,55.1741504],[-8.1228562,55.1574053],[-8.1214252,55.1361648],[-8.137791,55.1399526],[-8.1353217,55.120996],[-8.1451,55.1314941],[-8.1633537,55.1262442],[-8.1560274,55.1383235],[-8.1710377,55.1427513],[-8.12977,55.1556],[-8.1370493,55.163009],[-8.1662102,55.1450801],[-8.284268,55.1587976],[-8.2968079,55.1508178],[-8.2883386,55.1462088],[-8.2956956,55.1256531],[-8.3171135,55.1129087],[-8.3032216,55.0827312],[-8.3267767,55.0841663],[-8.3072186,55.0662763],[-8.3241169,55.0509031],[-8.2751352,55.0393356],[-8.3239946,55.0443366],[-8.3179532,55.0228448],[-8.3278293,55.0127195],[-8.3367407,55.0460166],[-8.3209197,55.0666161],[-8.3496599,55.0642057],[-8.3490443,55.0379603],[-8.4003017,55.041217],[-8.4074973,55.0341927],[-8.3945875,55.0221332],[-8.4088943,55.0154977],[-8.399825,55.0030984],[-8.4230949,55.0116638],[-8.453986,54.9986615],[-8.4127432,54.9581567],[-8.3634509,54.9479009],[-8.4197508,54.9351425],[-8.4540458,54.9453852],[-8.4439787,54.9281855],[-8.4584849,54.9183787],[-8.3849808,54.8828216],[-8.37302,54.88854],[-8.3801338,54.9053477],[-8.3450389,54.9076928],[-8.3401589,54.8904747],[-8.3049341,54.8880868],[-8.3208491,54.8733052],[-8.390379,54.8782084],[-8.38204,54.8512],[-8.35514,54.85374],[-8.3394322,54.8421188],[-8.2104557,54.8988589],[-8.3335126,54.8342159],[-8.373827,54.8338255],[-8.3632037,54.8427258],[-8.37847,54.83812],[-8.4000242,54.8524842],[-8.4488745,54.8385677],[-8.4939108,54.8478631],[-8.5110378,54.8282522],[-8.5650953,54.827994],[-8.5246611,54.8239637],[-8.528899,54.8128043],[-8.5005891,54.7998245],[-8.4545776,54.7984956],[-8.4432917,54.7775382],[-8.4123493,54.7739869],[-8.4301762,54.7623771],[-8.4821713,54.7918657],[-8.5470858,54.7823339],[-8.4347912,54.7553014],[-8.5941759,54.7791482],[-8.66746,54.77011],[-8.7046839,54.7446448],[-8.7459733,54.7390569],[-8.752069,54.7168415],[-8.7309863,54.7114647],[-8.8057489,54.6985896]]],[[[-8.5693672,54.9786532],[-8.5220465,54.9682938],[-8.4856574,54.9768157],[-8.4948131,55.0022695],[-8.5416287,55.0234989],[-8.5424834,55.0138354],[-8.5630452,55.0140959],[-8.5480136,55.0013815],[-8.5693672,54.9786532]]],[[[-8.4668577,54.9743375],[-8.4457463,54.9709911],[-8.4611459,54.9829739],[-8.4668577,54.9743375]]],[[[-8.4381054,55.0275714],[-8.41031,55.01296],[-8.4074834,55.0290116],[-8.4258725,55.0523703],[-8.4328975,55.0471617],[-8.4196623,55.0344937],[-8.4381054,55.0275714]]],[[[-8.3807947,55.0871774],[-8.3480017,55.0847859],[-8.3615348,55.0960828],[-8.3807947,55.0871774]]],[[[-8.2535138,55.2732249],[-8.2114663,55.25308],[-8.1902606,55.2640465],[-8.2535138,55.2732249]]],[[[-8.1899294,55.1769558],[-8.1621147,55.1754594],[-8.1788889,55.1847417],[-8.1899294,55.1769558]]]]}},{"type":"Feature","properties":{"county":"Dublin","name":"County Dublin"},"geometry":{"type":"MultiPolygon","coordinates":[[[[-6.5468919,53.2794837],[-6.5065177,53.2647466],[-6.5329204,53.2483243],[-6.4721869,53.2378868],[-6.4612234,53.2252339],[-6.4198752,53.2313549],[-6.4027898,53.2082362],[-6.3682955,53.2138257],[-6.3746015,53.1924922],[-6.3318774,53.1782636],[-6.3121941,53.1944992],[-6.3047104,53.2244834],[-6.2395983,53.2021582],[-6.1823212,53.2208748],[-6.1357942,53.1990084],[-6.103224,53.21077],[-6.1126447,53.257396],[-6.093159,53.2750346],[-6.1283281,53.291554],[-6.1259913,53.3024727],[-6.1299273,53.2931698],[-6.1468183,53.2963355],[-6.1313009,53.3038383],[-6.1534068,53.2955996],[-6.1930752,53.3089387],[-6.212628,53.3342773],[-6.1512541,53.3421858],[-6.1866772,53.3408224],[-6.2295134,53.3590323],[-6.191315,53.3573018],[-6.1578441,53.372339],[-6.1783157,53.3587454],[-6.1619271,53.3507042],[-6.1149151,53.3827962],[-6.1603881,53.3766839],[-6.1168448,53.3887018],[-6.081779,53.3609997],[-6.051615,53.3612534],[-6.0457583,53.3852803],[-6.1297531,53.4010213],[-6.1343649,53.4186107],[-6.1110136,53.4020214],[-6.1238696,53.443476],[-6.2030554,53.4647934],[-6.1546743,53.4690261],[-6.1552349,53.4593352],[-6.1454625,53.475045],[-6.1335763,53.4681449],[-6.1476204,53.4557564],[-6.1353976,53.4527202],[-6.0966133,53.4895074],[-6.1159248,53.5094701],[-6.13024,53.5100851],[-6.1236368,53.4989483],[-6.1655,53.5000205],[-6.0761666,53.5197819],[-6.0992924,53.5855877],[-6.1489019,53.5863761],[-6.1877,53.63021],[-6.2413139,53.6347254],[-6.2678265,53.6238547],[-6.2724737,53.5974234],[-6.3201207,53.5750479],[-6.389304,53.5910846],[-6.3873206,53.5804507],[-6.4187238,53.5711029],[-6.4330104,53.5437663],[-6.3674897,53.5165563],[-6.3314378,53.4857068],[-6.3540728,53.4639264],[-6.3530107,53.4478046],[-6.4190166,53.4356772],[-6.4212421,53.4168253],[-6.4665378,53.3849833],[-6.4749954,53.3629408],[-6.489374,53.36292],[-6.5009922,53.3210466],[-6.5198916,53.3247889],[-6.5424985,53.3069443],[-6.526363,53.2999377],[-6.5468919,53.2794837]]],[[[-6.0345533,53.4894395],[-6.0122679,53.4822942],[-5.9945041,53.4942572],[-6.0271755,53.4989763],[-6.0345533,53.4894395]]]]}},{"type":"Feature","properties":{"county":"Galway","name":"County Galway"},"geometry":{"type":"MultiPolygon","coordinates":[[[[-10.3036628,53.6025508],[-10.2620003,53.6085153],[-10.2895868,53.6192189],[-10.3036628,53.6025508]]],[[[-10.2619654,53.6289703],[-10.2560365,53.6182802],[-10.1941763,53.6057532],[-10.174596,53.6191709],[-10.1896217,53.6229285],[-10.1790825,53.6321418],[-10.2003948,53.6372962],[-10.2321451,53.6204075],[-10.2619654,53.6289703]]],[[[-10.2019966,53.5446171],[-10.1454292,53.5422606],[-10.1378156,53.5233399],[-10.0429347,53.5109368],[-10.0618158,53.5028629],[-10.1124191,53.5198581],[-10.1378757,53.5204871],[-10.1044283,53.5115642],[-10.1386133,53.5141686],[-10.1077712,53.4958442],[-10.0222007,53.4873429],[-10.0461761,53.4809122],[-10.0360234,53.4735462],[-10.0059525,53.4796802],[-10.018205,53.4653577],[-10.0895118,53.4867966],[-10.100489,53.4799174],[-10.0797423,53.4727417],[-10.0925534,53.4675362],[-10.0337722,53.4610003],[-10.0579734,53.4582361],[-10.0729434,53.439016],[-10.0915934,53.4474361],[-10.087773,53.4367635],[-10.0972534,53.4501961],[-10.1317834,53.4573061],[-10.1803434,53.4067732],[-10.1499,53.41946],[-10.1193044,53.4010321],[-10.1155214,53.4122599],[-10.0840008,53.407783],[-10.0678078,53.4219092],[-10.0359076,53.4094256],[-10.031402,53.3856503],[-9.9657245,53.3822903],[-9.9772918,53.3744004],[-9.9627083,53.3669588],[-9.9506138,53.3701056],[-9.9620593,53.3737571],[-9.9549209,53.3807276],[-9.9145131,53.3886384],[-9.9195895,53.406048],[-9.9033433,53.4229792],[-9.884832,53.4147068],[-9.8543929,53.4292226],[-9.8704589,53.4379906],[-9.8263756,53.4249317],[-9.8505956,53.4282435],[-9.8494649,53.4195068],[-9.885734,53.412818],[-9.8823828,53.3931911],[-9.8629828,53.387951],[-9.8557344,53.4042462],[-9.8451328,53.3950011],[-9.8213234,53.41847],[-9.7970101,53.4162936],[-9.8215746,53.4111501],[-9.8156328,53.4009725],[-9.7847198,53.4069252],[-9.8027256,53.3929574],[-9.7811867,53.3902255],[-9.821203,53.3738918],[-9.8903438,53.3682138],[-9.8940862,53.352766],[-9.8748984,53.3525752],[-9.9087034,53.3278091],[-9.8825829,53.3119846],[-9.8648382,53.3147627],[-9.8645452,53.3315986],[-9.8233211,53.3077854],[-9.81524,53.32243],[-9.8132482,53.3083781],[-9.7724939,53.291999],[-9.7739761,53.3021976],[-9.7343706,53.3081022],[-9.7336503,53.3251992],[-9.7084735,53.3331839],[-9.69582,53.3555285],[-9.7137159,53.3592386],[-9.66536,53.36909],[-9.6584934,53.3860564],[-9.638766,53.3901119],[-9.6467381,53.371149],[-9.6219099,53.3748485],[-9.6368444,53.3744484],[-9.6262016,53.3622624],[-9.6465499,53.3531336],[-9.6244351,53.3465822],[-9.6662399,53.3393135],[-9.5964257,53.3349577],[-9.6149747,53.3467788],[-9.5984915,53.3676344],[-9.6143789,53.379438],[-9.5773584,53.3781782],[-9.5881677,53.3870398],[-9.5784044,53.3950375],[-9.5454669,53.4017864],[-9.5774399,53.3833132],[-9.5490003,53.3751419],[-9.5738799,53.3784837],[-9.5988793,53.3622288],[-9.5796275,53.3571408],[-9.5790199,53.3463035],[-9.5481322,53.3454454],[-9.5647949,53.3286304],[-9.5495439,53.3216232],[-9.5558256,53.3055058],[-9.5697689,53.3468728],[-9.567761,53.3341708],[-9.5829776,53.3286064],[-9.5767736,53.3170184],[-9.5893059,53.3295047],[-9.6225831,53.3254121],[-9.6101242,53.2938218],[-9.5962322,53.2904015],[-9.6318882,53.2505048],[-9.6152367,53.23118],[-9.5856697,53.23589],[-9.5730603,53.2608563],[-9.5838294,53.2715003],[-9.5487503,53.2804758],[-9.5588236,53.2911457],[-9.539857,53.279168],[-9.5678921,53.2643197],[-9.5590632,53.2503542],[-9.5474763,53.2621174],[-9.5433118,53.2431444],[-9.5550912,53.2366841],[-9.5214422,53.2210749],[-9.364289,53.2414516],[-9.1627678,53.2459389],[-9.1093068,53.2593398],[-9.1130935,53.2485189],[-9.0493786,53.2647723],[-9.0556858,53.2699701],[-9.0322025,53.2807926],[-9.0442685,53.2670228],[-8.931587,53.2711776],[-8.9479009,53.2622849],[-8.9371567,53.2590096],[-8.9908517,53.2462494],[-8.9638339,53.2405635],[-9.0069142,53.2327528],[-8.9447628,53.23891],[-9.0032693,53.2261372],[-8.9749157,53.2169017],[-8.9992082,53.2120018],[-8.9612228,53.2082173],[-8.8832561,53.2279633],[-8.9131252,53.2124417],[-8.8798229,53.2093073],[-8.9225158,53.2089932],[-8.9554131,53.1915011],[-8.9308736,53.1972876],[-8.9560684,53.176902],[-8.9223307,53.1444393],[-8.9358789,53.1393433],[-8.9565071,53.1559977],[-8.9962658,53.1624748],[-8.9677754,53.1667731],[-8.9681536,53.1767879],[-9.0517872,53.1656425],[-8.9910516,53.1506632],[-9.0258883,53.1402033],[-9.0110756,53.1028453],[-8.8912021,53.0603945],[-8.9004421,53.0347029],[-8.8834211,53.0164126],[-8.8981318,53.0116301],[-8.8962881,53.0007458],[-8.885226,52.9780525],[-8.8602883,52.9789629],[-8.8584068,52.9681816],[-8.8366595,52.9905086],[-8.7860338,52.971995],[-8.7795134,52.9886902],[-8.7408147,53.002627],[-8.7195524,53.0253517],[-8.6758342,53.0375241],[-8.5557988,53.0421505],[-8.552762,53.0228809],[-8.5281865,53.0237466],[-8.5110849,53.0093747],[-8.502662,52.9831737],[-8.4846725,52.9888834],[-8.4501147,52.9722895],[-8.4088622,52.994912],[-8.3587643,52.9712428],[-8.3395507,52.9874325],[-8.3168271,52.9851702],[-8.2783904,53.018677],[-8.2678918,53.0560242],[-8.2189193,53.067677],[-8.1304946,53.1568294],[-8.0847197,53.1628377],[-8.049465,53.1936151],[-7.9930954,53.1932625],[-7.9678211,53.2253489],[-8.0440375,53.2720373],[-8.1797273,53.2908454],[-8.1954108,53.3078451],[-8.1876325,53.3361913],[-8.2324552,53.3496202],[-8.2438472,53.3669469],[-8.2246594,53.3960591],[-8.2569817,53.4133729],[-8.2631951,53.4329476],[-8.2380051,53.445065],[-8.2874904,53.471639],[-8.2706753,53.479418],[-8.2930027,53.5095534],[-8.27704,53.5240953],[-8.2942748,53.5306332],[-8.2850608,53.5377466],[-8.3081405,53.5600615],[-8.2833085,53.5651597],[-8.3410146,53.5781684],[-8.3374743,53.5881112],[-8.353784,53.5987919],[-8.3786423,53.5989065],[-8.3899558,53.626664],[-8.4109098,53.6248645],[-8.3934413,53.6401914],[-8.3653864,53.6401055],[-8.362852,53.6511383],[-8.4280814,53.6701783],[-8.4594003,53.7001816],[-8.4418271,53.7033231],[-8.4681635,53.7153703],[-8.5737503,53.7188304],[-8.5810951,53.7086679],[-8.6347583,53.7041818],[-8.659163,53.6757443],[-8.7943914,53.6570606],[-8.8194372,53.6659099],[-8.8425287,53.6529393],[-8.8999672,53.6527704],[-8.9014875,53.6420736],[-8.9427679,53.6618999],[-8.9713733,53.6553455],[-8.9740126,53.6273227],[-8.988237,53.6186413],[-8.9803002,53.6050445],[-9.0154321,53.5981978],[-9.0068172,53.5840874],[-9.0461768,53.5767777],[-9.0270102,53.5513566],[-9.0367353,53.5368282],[-9.0921315,53.516043],[-9.099344,53.4938683],[-9.1249007,53.4819546],[-9.1817257,53.4719509],[-9.2366769,53.4801478],[-9.2353803,53.4995397],[-9.2790839,53.5154993],[-9.2848175,53.5484502],[-9.3067346,53.5455232],[-9.3033545,53.5552919],[-9.3360674,53.5397129],[-9.3536088,53.5469419],[-9.345412,53.5634959],[-9.3605649,53.5737209],[-9.482168,53.562108],[-9.5451024,53.5820164],[-9.5643764,53.6120478],[-9.5823224,53.5990018],[-9.6468262,53.6004234],[-9.6694306,53.6127316],[-9.694239,53.5960308],[-9.7854879,53.5931072],[-9.8733983,53.6268642],[-9.8488725,53.6088975],[-9.8990163,53.6145827],[-9.8925032,53.6068724],[-9.9327071,53.597482],[-10.0480015,53.6107065],[-10.0222988,53.5783259],[-9.9630625,53.5714071],[-9.9992947,53.5566272],[-9.9536972,53.5523197],[-9.9810207,53.5566046],[-9.9913005,53.5509714],[-9.9817549,53.5467085],[-10.0018069,53.5441273],[-10.0206273,53.5599957],[-10.0141151,53.5675051],[-10.1136661,53.5777161],[-10.1311987,53.5748636],[-10.0948334,53.5544389],[-10.1524994,53.5662342],[-10.152523,53.5530019],[-10.1749734,53.5605168],[-10.2019966,53.5446171]]],[[[-10.1830679,53.5335699],[-10.1466853,53.5258453],[-10.1611063,53.539025],[-10.1830679,53.5335699]]],[[[-9.9110843,53.4091931],[-9.9076784,53.3792767],[-9.8900784,53.3776166],[-9.9021284,53.3903267],[-9.8896884,53.3999068],[-9.9058184,53.4028568],[-9.8972809,53.4159162],[-9.9110843,53.4091931]]],[[[-9.8745584,53.3042372],[-9.8367644,53.29105],[-9.85445,53.31421],[-9.8745584,53.3042372]]],[[[-9.8302853,53.1389645],[-9.6916148,53.1078942],[-9.6531517,53.088632],[-9.6290411,53.1061474],[-9.6628256,53.1049803],[-9.6759363,53.1136807],[-9.6523489,53.1297339],[-9.7031106,53.1417443],[-9.7496817,53.1315778],[-9.7600134,53.1493974],[-9.8002863,53.1521375],[-9.8302853,53.1389645]]],[[[-9.7611465,53.23038],[-9.7188265,53.22756],[-9.7187265,53.2470302],[-9.7430765,53.2471402],[-9.7380884,53.2350486],[-9.7611465,53.23038]]],[[[-9.7610489,53.2625911],[-9.751464,53.2572017],[-9.7532665,53.2680903],[-9.7610489,53.2625911]]],[[[-9.751048,53.2552202],[-9.7364382,53.2487234],[-9.7437565,53.2617403],[-9.751048,53.2552202]]],[[[-9.723954,53.2633673],[-9.7033901,53.2523807],[-9.7182019,53.2428427],[-9.7024737,53.2254045],[-9.6462765,53.22939],[-9.6431465,53.2625803],[-9.6621162,53.2764254],[-9.6459994,53.2731728],[-9.6537692,53.2844133],[-9.723954,53.2633673]]],[[[-9.7223165,53.2826204],[-9.7170065,53.2720204],[-9.7006065,53.2750704],[-9.7223165,53.2826204]]],[[[-9.7120129,53.2971206],[-9.6912465,53.2912605],[-9.7104565,53.2896105],[-9.6902065,53.2794804],[-9.6293393,53.2971543],[-9.6842765,53.3098806],[-9.7120129,53.2971206]]],[[[-9.6518521,53.3108064],[-9.6240798,53.3106874],[-9.6363346,53.3205703],[-9.6518521,53.3108064]]],[[[-9.6204342,53.0680078],[-9.5763828,53.0725987],[-9.5619117,53.0987101],[-9.5962968,53.0987535],[-9.6204342,53.0680078]]],[[[-9.5561826,53.0497521],[-9.5266562,53.0451175],[-9.501381,53.0590108],[-9.5329029,53.0685703],[-9.5561826,53.0497521]]]]}},{"type":"Feature","properties":{"county":"Kerry","name":"County Kerry"},"geometry":{"type":"MultiPolygon","coordinates":[[[[-10.5803779,52.072425],[-10.5072386,52.1043895],[-10.5195312,52.1107221],[-10.5803779,52.072425]]],[[[-10.4798881,52.1085728],[-10.4513089,52.0968377],[-10.3574762,52.1047336],[-10.3474184,52.1088562],[-10.3793584,52.1180882],[-10.3624292,52.1328677],[-10.3242437,52.1131878],[-10.2643909,52.1145133],[-10.3119411,52.1284374],[-10.2881161,52.1422721],[-10.2484697,52.116395],[-10.2218534,52.117981],[-10.2145844,52.1313461],[-10.2253158,52.1358496],[-10.2045086,52.1362691],[-10.2155532,52.1220438],[-10.1940655,52.1076453],[-9.9869486,52.1434234],[-9.935507,52.1062171],[-9.94335,52.12737],[-9.9697539,52.1421904],[-9.7976989,52.1616815],[-9.7896427,52.1346146],[-9.8487291,52.1198559],[-9.8401419,52.1137384],[-9.88952,52.11062],[-9.8990331,52.1390356],[-9.9093962,52.1019587],[-9.9355176,52.0846575],[-9.9045057,52.0690698],[-9.9250174,52.0651625],[-9.9345882,52.0786835],[-9.9747425,52.0555906],[-9.9683999,52.0816164],[-9.9787931,52.0523493],[-10.1011241,52.024743],[-10.1315098,52.0294478],[-10.2062779,52.0029099],[-10.2131027,51.9885442],[-10.2572499,51.9915664],[-10.2644368,51.9648357],[-10.2799264,51.9706431],[-10.3206164,51.9546438],[-10.2792311,51.9519843],[-10.2705153,51.9390089],[-10.1841859,51.9656439],[-10.2782887,51.929837],[-10.2533177,51.9220957],[-10.2506072,51.898128],[-10.2704262,51.9136775],[-10.2978769,51.8949178],[-10.3990986,51.877419],[-10.3820428,51.8608482],[-10.3978609,51.8436429],[-10.3354385,51.8454973],[-10.3329767,51.8047618],[-10.3541345,51.7975592],[-10.3429141,51.7836015],[-10.2730624,51.8064697],[-10.2718073,51.8236949],[-10.2466785,51.8435034],[-10.187143,51.8569523],[-10.2073317,51.8447083],[-10.173509,51.8272997],[-10.1716321,51.8049527],[-10.1805893,51.7880226],[-10.2237288,51.7777094],[-10.1434478,51.7585571],[-10.1127059,51.763793],[-10.1405752,51.7427857],[-10.1296699,51.7373447],[-10.1004396,51.7559747],[-10.0547628,51.7617744],[-10.0668391,51.7668351],[-10.0513016,51.7737077],[-10.0121048,51.771186],[-9.9494586,51.8010186],[-9.9081016,51.80419],[-9.9027371,51.8370399],[-9.8971033,51.8126577],[-9.8783412,51.821782],[-9.8541036,51.8074982],[-9.7440436,51.8551366],[-9.5823261,51.8714003],[-9.5482353,51.8849341],[-9.6449935,51.8445923],[-9.7336986,51.8348345],[-9.7788783,51.808545],[-9.7769432,51.7978316],[-9.8249407,51.7841952],[-9.7806606,51.7718279],[-9.7808197,51.7562004],[-9.7822996,51.7648237],[-9.804499,51.7608883],[-9.7932153,51.7672254],[-9.8458164,51.7655227],[-9.8346457,51.7742987],[-9.8482385,51.7773582],[-9.8555131,51.7634637],[-9.8453336,51.7595692],[-9.8573776,51.7516976],[-9.8332969,51.7328621],[-9.8436631,51.7228693],[-9.823328,51.7171355],[-9.8331141,51.6943437],[-9.8214655,51.6881978],[-9.7912412,51.6886511],[-9.7237465,51.7398688],[-9.6688159,51.7473834],[-9.6230648,51.7856613],[-9.4809831,51.7898719],[-9.4435525,51.8025402],[-9.4344761,51.8264776],[-9.329566,51.8450669],[-9.2740081,51.8956451],[-9.3017397,51.9248924],[-9.3027201,51.9462549],[-9.2551011,51.9696409],[-9.1378648,51.9824893],[-9.1187542,51.9981082],[-9.1254894,52.007724],[-9.1622572,52.0045431],[-9.182239,52.0280935],[-9.2144964,52.0305698],[-9.2199825,52.0583644],[-9.1844438,52.0828953],[-9.2048044,52.0873844],[-9.2105336,52.1103004],[-9.2264666,52.119415],[-9.2403632,52.1471906],[-9.2315574,52.1769978],[-9.2760046,52.2294692],[-9.2737596,52.2545299],[-9.2481133,52.264508],[-9.2493521,52.2776412],[-9.2108702,52.2898867],[-9.2403844,52.3215925],[-9.3004728,52.3332116],[-9.3481539,52.3615127],[-9.3023011,52.3820822],[-9.3392474,52.4043284],[-9.304399,52.4347381],[-9.3254999,52.4427314],[-9.3404834,52.4685493],[-9.3223667,52.4715553],[-9.3150336,52.4943133],[-9.2974713,52.495862],[-9.3056683,52.5219136],[-9.3483634,52.5414774],[-9.3504868,52.5550693],[-9.3375357,52.5616781],[-9.3654305,52.5722189],[-9.3447851,52.5895605],[-9.3638366,52.6024543],[-9.4079083,52.5919196],[-9.657675,52.5927993],[-9.6795024,52.5728234],[-9.6612849,52.5565677],[-9.6795241,52.5450984],[-9.6680623,52.5390729],[-9.682205,52.5299734],[-9.6731609,52.5266577],[-9.6840914,52.5228957],[-9.6760923,52.5143122],[-9.6893132,52.4825661],[-9.826181,52.4339612],[-9.906929,52.4338572],[-9.9452985,52.4208084],[-9.9431346,52.4056036],[-9.9144346,52.3963913],[-9.8361183,52.3890029],[-9.8361118,52.3369251],[-9.849518,52.3110182],[-9.83148,52.3241121],[-9.8253479,52.311949],[-9.8692827,52.3029219],[-9.829497,52.3013929],[-9.8705206,52.2802178],[-9.8630657,52.2948307],[-9.8852489,52.3019563],[-9.8752401,52.2741161],[-9.7756822,52.2750539],[-9.7216373,52.2590224],[-9.82454,52.2428],[-9.8393194,52.2496379],[-9.80976,52.25649],[-9.8283715,52.2613549],[-9.8632206,52.2358101],[-9.9564912,52.2327231],[-10.0266789,52.270705],[-10.0047803,52.3095222],[-10.0162697,52.3167007],[-10.0260861,52.3043239],[-10.0584447,52.3098463],[-10.0316365,52.2880487],[-10.0710229,52.2544871],[-10.1779276,52.2299788],[-10.1459233,52.2620043],[-10.1617122,52.2647983],[-10.1568545,52.2877967],[-10.1764377,52.2916344],[-10.2098,52.27267],[-10.2429665,52.27572],[-10.294108,52.2577526],[-10.3107571,52.2370297],[-10.3635913,52.2334513],[-10.3739803,52.2171881],[-10.3539841,52.2162894],[-10.3796686,52.1969888],[-10.3641882,52.1844593],[-10.3730924,52.1748978],[-10.4158941,52.1848142],[-10.407674,52.2091335],[-10.4717527,52.1812314],[-10.4396603,52.1730984],[-10.4784127,52.1514991],[-10.458799,52.1230054],[-10.4798881,52.1085728]]],[[[-10.4309958,51.8821816],[-10.3540658,51.8906745],[-10.2909216,51.9138483],[-10.2857964,51.9263019],[-10.3526231,51.9357723],[-10.3497376,51.9257413],[-10.36927,51.91627],[-10.4098016,51.911373],[-10.4309958,51.8821816]]]]}},{"type":"Feature","properties":{"county":"Kildare","name":"County Kildare"},"geometry":{"type":"Polygon","coordinates":[[[-7.1688618,53.1849227],[-7.0640397,53.1664049],[-7.0737555,53.1488479],[-7.1005248,53.1581249],[-7.0933545,53.1497696],[-7.1031117,53.1359691],[-7.0593703,53.1054576],[-7.0450645,53.0736599],[-7.059798,53.0522911],[-7.0483357,53.0419145],[-7.0687149,53.0361957],[-7.0883869,52.9992021],[-7.0563058,52.9785594],[-7.0175887,52.9752056],[-7.0201616,52.9661162],[-6.9723534,52.9723812],[-6.9347052,52.9151985],[-6.9394677,52.8799607],[-6.9217044,52.8859202],[-6.879666,52.8576614],[-6.868554,52.8617126],[-6.8769752,52.8762083],[-6.8481731,52.8600814],[-6.8262825,52.8720824],[-6.788472,52.8659908],[-6.7497577,52.8896549],[-6.7305353,52.926507],[-6.7907259,52.9832951],[-6.7870813,52.999596],[-6.7661076,53.0087607],[-6.7773685,53.0190952],[-6.7371673,53.0403292],[-6.7332657,53.0650994],[-6.6292398,53.0921051],[-6.6242588,53.1045959],[-6.5719127,53.1229868],[-6.5654696,53.1321087],[-6.5786467,53.1461543],[-6.5399707,53.1671702],[-6.5617028,53.1800187],[-6.5197867,53.1863672],[-6.5001582,53.2024868],[-6.5087225,53.2143823],[-6.4719924,53.2377811],[-6.5329204,53.2483243],[-6.5065177,53.2647466],[-6.5462131,53.2752193],[-6.526363,53.2999377],[-6.5424985,53.3069443],[-6.5198916,53.3247889],[-6.5009922,53.3210466],[-6.4905049,53.3610608],[-6.4749954,53.3629408],[-6.4601259,53.3884032],[-6.4955478,53.3844401],[-6.5482435,53.4052456],[-6.5676516,53.3878187],[-6.6545553,53.3950934],[-6.7526639,53.4291679],[-6.7955832,53.417951],[-6.8116083,53.3984435],[-6.832594,53.4006437],[-6.8835312,53.4150428],[-6.9172118,53.4494132],[-6.97716,53.4487194],[-7.075466,53.3953503],[-7.0891931,53.369763],[-7.0421465,53.3567239],[-7.024501,53.3308614],[-6.9792686,53.3133076],[-7.0132155,53.2964231],[-6.9911949,53.286339],[-7.0341998,53.278331],[-7.0189537,53.2532305],[-7.0720729,53.2347234],[-7.0144883,53.2137178],[-7.0410598,53.208237],[-7.0361216,53.1900511],[-7.1688618,53.1849227]]]}},{"type":"Feature","properties":{"county":"Kilkenny","name":"County Kilkenny"},"geometry":{"type":"Polygon","coordinates":[[[-7.6739965,52.7813004],[-7.6698065,52.7555333],[-7.6477609,52.7321667],[-7.5477114,52.7004507],[-7.5108278,52.642533],[-7.4749724,52.6159608],[-7.4757636,52.5907203],[-7.451461,52.5819648],[-7.4584527,52.5213059],[-7.4500821,52.5093603],[-7.4324822,52.5182844],[-7.4200089,52.5108312],[-7.4679085,52.4722707],[-7.3850288,52.4244625],[-7.3970582,52.3641205],[-7.3719474,52.3430442],[-7.3230969,52.3308068],[-7.2644152,52.2663536],[-7.2191838,52.243083],[-7.1581499,52.279519],[-7.1002688,52.2703895],[-7.0874887,52.2515821],[-7.0388522,52.2566178],[-7.0005103,52.276785],[-7.0178068,52.2958485],[-6.9862659,52.3214347],[-6.9922303,52.3631844],[-6.9648845,52.3686313],[-6.9556693,52.3989188],[-6.9407594,52.402969],[-6.9614415,52.421676],[-6.91509,52.4290027],[-6.9273491,52.4425314],[-6.914657,52.4619269],[-6.9346195,52.4670318],[-6.9185518,52.4755079],[-6.9404537,52.4998864],[-6.934854,52.5274648],[-6.9595635,52.5356529],[-6.9146639,52.5626823],[-6.9272665,52.5882456],[-6.9850685,52.6183262],[-6.9797931,52.6689885],[-7.0040894,52.6932944],[-7.0418823,52.7153713],[-7.0525102,52.7030268],[-7.0801432,52.7265335],[-7.1079443,52.7252631],[-7.0900344,52.7339535],[-7.1022537,52.7468435],[-7.0832793,52.757244],[-7.0907177,52.7760971],[-7.0600604,52.7937097],[-7.0764903,52.8160849],[-7.1198434,52.8238917],[-7.1486405,52.8762557],[-7.1595373,52.8708462],[-7.1963575,52.8939351],[-7.2206916,52.8768709],[-7.2473318,52.8783612],[-7.2433149,52.8627721],[-7.2594484,52.8489885],[-7.3243869,52.862257],[-7.3453405,52.8389164],[-7.3475144,52.8117261],[-7.3703791,52.8317716],[-7.3990007,52.7958187],[-7.4258849,52.8040442],[-7.4760056,52.7856263],[-7.5292747,52.8113564],[-7.5593007,52.8086967],[-7.5786092,52.8287517],[-7.6166903,52.8094628],[-7.6120227,52.7899814],[-7.6739965,52.7813004]]]}},{"type":"Feature","properties":{"county":"Laois","name":"County Laois"},"geometry":{"type":"Polygon","coordinates":[[[-7.7344984,52.8584384],[-7.6941613,52.8293525],[-7.6739965,52.7813004],[-7.6120227,52.7899814],[-7.6166903,52.8094628],[-7.5786092,52.8287517],[-7.5593007,52.8086967],[-7.5292747,52.8113564],[-7.4760056,52.7856263],[-7.4258849,52.8040442],[-7.3990007,52.7958187],[-7.3703791,52.8317716],[-7.3475144,52.8117261],[-7.3453405,52.8389164],[-7.3243869,52.862257],[-7.2594484,52.8489885],[-7.2433149,52.8627721],[-7.2473318,52.8783612],[-7.2206916,52.8768709],[-7.1963575,52.8939351],[-7.1595373,52.8708462],[-7.1486405,52.8762557],[-7.1198434,52.8238917],[-7.0764903,52.8160849],[-7.0604653,52.7931481],[-7.0388625,52.8083476],[-6.9591544,52.8113393],[-6.9318991,52.8466873],[-6.9433577,52.8911434],[-6.9347052,52.9151985],[-6.9723534,52.9723812],[-7.0201616,52.9661162],[-7.0175887,52.9752056],[-7.0563058,52.9785594],[-7.0900815,53.0014499],[-7.0687149,53.0361957],[-7.0483357,53.0419145],[-7.0600224,53.0439042],[-7.0450645,53.0736599],[-7.0565431,53.1023169],[-7.1031117,53.1359691],[-7.0933545,53.1497696],[-7.1005248,53.1581249],[-7.0737555,53.1488479],[-7.0662956,53.1695251],[-7.1518421,53.1565276],[-7.1718017,53.1575089],[-7.1803414,53.1747721],[-7.237516,53.1391611],[-7.3008781,53.1344084],[-7.3221667,53.1484494],[-7.333042,53.1693454],[-7.3173653,53.1697808],[-7.3335074,53.1869704],[-7.3800085,53.2156177],[-7.4293354,53.2067229],[-7.432294,53.1868742],[-7.4872311,53.1968117],[-7.5473859,53.1766092],[-7.6326457,53.1679894],[-7.6449645,53.1430246],[-7.5873492,53.1001922],[-7.7090544,53.0092424],[-7.712002,52.9886431],[-7.7030703,52.9860973],[-7.7303619,52.9527383],[-7.7022192,52.9340922],[-7.6602371,52.9339247],[-7.7252353,52.8880595],[-7.7172871,52.8651969],[-7.7344984,52.8584384]]]}},{"type":"Feature","properties":{"county":"Leitrim","name":"County Leitrim"},"geometry":{"type":"Polygon","coordinates":[[[-8.4277309,54.4210683],[-8.3444548,54.4213034],[-8.3653752,54.3720593],[-8.3995481,54.3598682],[-8.3897336,54.3202294],[-8.3482335,54.3038627],[-8.3316996,54.2401831],[-8.3408039,54.2229367],[-8.3322174,54.2113288],[-8.3477235,54.1993162],[-8.3163408,54.1879939],[-8.3305875,54.1750306],[-8.2813272,54.1525854],[-8.2277777,54.154858],[-8.1635069,54.1089579],[-8.1480643,54.1252412],[-8.053175,54.1046051],[-8.0477577,54.0717124],[-8.0915948,54.0339209],[-8.0686541,53.9869184],[-8.1152848,53.9526142],[-8.0844296,53.9427125],[-8.0934649,53.9302103],[-8.0622422,53.9097114],[-8.0310198,53.9216327],[-8.0301415,53.9340739],[-8.0110317,53.9335969],[-7.9894578,53.9158791],[-7.9814993,53.8699834],[-7.9286536,53.8503914],[-7.9189766,53.8215261],[-7.88277,53.8291024],[-7.8852146,53.8174659],[-7.8682902,53.8060337],[-7.857548,53.8314014],[-7.8371781,53.8108683],[-7.7881796,53.8163782],[-7.7711908,53.8488022],[-7.7770212,53.8677031],[-7.7598926,53.8634478],[-7.7511768,53.8792082],[-7.7306891,53.878729],[-7.6494591,53.9419367],[-7.6118222,53.9362946],[-7.586288,53.9590845],[-7.5849799,53.9810132],[-7.6004919,53.9876352],[-7.593037,54.0164947],[-7.6404416,54.0225246],[-7.6379477,54.0427879],[-7.6849396,54.0602376],[-7.7086898,54.0841436],[-7.7365974,54.0829232],[-7.7564185,54.1062994],[-7.7963082,54.1168018],[-7.8313111,54.0985801],[-7.9528844,54.1787605],[-8.0053691,54.1922662],[-8.0478961,54.1868397],[-8.0326545,54.213016],[-8.0538472,54.2424965],[-8.0413167,54.2540493],[-8.0037364,54.2494023],[-7.946681,54.3044887],[-8.0009305,54.3584648],[-8.0573261,54.3657226],[-8.0841613,54.3974065],[-8.1618468,54.4420305],[-8.1451583,54.4524135],[-8.2177049,54.4728671],[-8.2599949,54.459046],[-8.3303984,54.4734443],[-8.382639,54.4654467],[-8.3730609,54.4502951],[-8.401575,54.4459684],[-8.4277309,54.4210683]]]}},{"type":"Feature","properties":{"county":"Limerick","name":"County Limerick"},"geometry":{"type":"Polygon","coordinates":[[[-9.3654305,52.5722189],[-9.3375357,52.5616781],[-9.3504868,52.5550693],[-9.3483634,52.5414774],[-9.3056683,52.5219136],[-9.2974713,52.495862],[-9.3150336,52.4943133],[-9.3223667,52.4715553],[-9.3404834,52.4685493],[-9.3254999,52.4427314],[-9.304399,52.4347381],[-9.3392474,52.4043284],[-9.3023011,52.3820822],[-9.3481539,52.3615127],[-9.3004728,52.3332116],[-9.2403844,52.3215925],[-9.2173917,52.2981536],[-9.1744037,52.311926],[-9.1360476,52.3443047],[-9.0335552,52.3224008],[-8.9754996,52.2925807],[-8.98636,52.3109129],[-8.8827627,52.3319375],[-8.8763024,52.3535193],[-8.8034481,52.3877865],[-8.7930993,52.3714893],[-8.781538,52.3876673],[-8.7348622,52.3709981],[-8.6723315,52.3837831],[-8.6618053,52.3516053],[-8.6276386,52.3467338],[-8.5854244,52.307099],[-8.5581384,52.3073815],[-8.5169539,52.2804346],[-8.3863428,52.2946887],[-8.3410689,52.329252],[-8.3109032,52.323946],[-8.2811743,52.2853324],[-8.2463454,52.2971562],[-8.1834046,52.2875688],[-8.1563716,52.300668],[-8.1830223,52.330171],[-8.165144,52.3647846],[-8.2149635,52.3644782],[-8.2309029,52.4103713],[-8.2822926,52.4010829],[-8.2839241,52.4143251],[-8.309489,52.4199659],[-8.3201398,52.4396537],[-8.3506367,52.4336042],[-8.3672649,52.4454164],[-8.3862439,52.4327875],[-8.4061811,52.4665989],[-8.360266,52.5108383],[-8.3354384,52.5128285],[-8.3400183,52.487822],[-8.3300534,52.4804505],[-8.3134769,52.4912542],[-8.3263171,52.5053984],[-8.2856793,52.5215305],[-8.231619,52.5152056],[-8.2258511,52.5552276],[-8.2355967,52.5621649],[-8.2242662,52.5720252],[-8.23757,52.5817989],[-8.2091257,52.6021091],[-8.2194257,52.6103729],[-8.2150499,52.632815],[-8.1950138,52.6445853],[-8.1892966,52.6709932],[-8.2286101,52.6620969],[-8.2965083,52.6962947],[-8.3593047,52.6794061],[-8.402437,52.6926381],[-8.4276422,52.6778812],[-8.45106,52.6846786],[-8.4661522,52.6975112],[-8.4802918,52.757379],[-8.5082953,52.7476622],[-8.5016544,52.7185415],[-8.5133912,52.7056171],[-8.532982,52.7039389],[-8.5464376,52.6806922],[-8.5899602,52.6695672],[-8.6182232,52.6888661],[-8.653941,52.6900412],[-8.7068095,52.6700501],[-8.7884523,52.6688481],[-8.8249058,52.6801987],[-8.9518435,52.6700035],[-9.0179542,52.6496217],[-9.0726516,52.6499252],[-9.1484647,52.6150574],[-9.2291886,52.6078171],[-9.2968695,52.5778808],[-9.3447851,52.5895605],[-9.3654305,52.5722189]]]}},{"type":"Feature","properties":{"county":"Longford","name":"County Longford"},"geometry":{"type":"Polygon","coordinates":[[[-8.0361794,53.628419],[-8.0361719,53.6075388],[-7.9809238,53.5521454],[-7.9697698,53.521832],[-7.914517,53.5447172],[-7.8576834,53.5491649],[-7.745914,53.5269116],[-7.7052853,53.5385172],[-7.6746284,53.5291333],[-7.661031,53.5338574],[-7.6610256,53.5585267],[-7.6278423,53.5910598],[-7.602075,53.5972732],[-7.605019,53.6098966],[-7.5598747,53.6136115],[-7.5699353,53.6352206],[-7.6150882,53.6488257],[-7.6115088,53.6596793],[-7.5691891,53.6464342],[-7.5683096,53.6712742],[-7.5287321,53.6743845],[-7.5348482,53.6849936],[-7.5282262,53.6999758],[-7.5096467,53.6988313],[-7.5157739,53.7085061],[-7.4925896,53.6994315],[-7.4586978,53.7297691],[-7.4065329,53.7259463],[-7.3749174,53.7555998],[-7.4114276,53.7899337],[-7.4755203,53.8122098],[-7.4656703,53.8234836],[-7.4768874,53.8536502],[-7.528094,53.8638012],[-7.5833475,53.8510489],[-7.571946,53.8798977],[-7.5559657,53.878421],[-7.5572098,53.9039336],[-7.5802313,53.9031231],[-7.607551,53.9385052],[-7.6490072,53.9420552],[-7.7306891,53.878729],[-7.7511768,53.8792082],[-7.7598926,53.8634478],[-7.7770212,53.8677031],[-7.7711908,53.8488022],[-7.7881796,53.8163782],[-7.8371781,53.8108683],[-7.857548,53.8314014],[-7.8682902,53.8060337],[-7.8852146,53.8174659],[-7.88277,53.8291024],[-7.9189766,53.8215261],[-7.9095704,53.7942814],[-7.8758821,53.7773484],[-7.8864489,53.7590827],[-7.9177259,53.7467985],[-7.9209524,53.733823],[-7.9473359,53.7371782],[-7.9496742,53.7131489],[-7.987965,53.6986268],[-7.9841941,53.6807107],[-8.026487,53.6534041],[-8.0361794,53.628419]]]}},{"type":"Feature","properties":{"county":"Louth","name":"County Louth"},"geometry":{"type":"Polygon","coordinates":[[[-6.6954081,53.9034357],[-6.602099,53.8634191],[-6.5795221,53.8025546],[-6.5530452,53.7979416],[-6.54778,53.7780004],[-6.4547837,53.766316],[-6.4481689,53.7568784],[-6.4839542,53.7301177],[-6.4641367,53.7133403],[-6.4192001,53.7258255],[-6.3810171,53.7144776],[-6.3739946,53.6985036],[-6.3199736,53.7027282],[-6.3121722,53.707922],[-6.3231835,53.7163287],[-6.2691945,53.7320405],[-6.2387725,53.721672],[-6.25005,53.72877],[-6.2483933,53.7589274],[-6.2363494,53.786112],[-6.21624,53.79564],[-6.2600583,53.8069084],[-6.2399222,53.862366],[-6.3316914,53.8761166],[-6.3696825,53.9043659],[-6.3787723,53.9540563],[-6.3653667,53.958519],[-6.3664349,53.9798815],[-6.3385442,53.9979615],[-6.3811569,54.0127942],[-6.3559313,54.0134962],[-6.3711356,54.0295566],[-6.3526601,54.0114894],[-6.3069117,54.0115106],[-6.2399431,53.9843533],[-6.1646992,53.9770656],[-6.1032541,54.000287],[-6.1314288,54.0345172],[-6.149289,54.0273868],[-6.1848359,54.0407898],[-6.2805774,54.1103453],[-6.3090026,54.1066899],[-6.3191179,54.0910205],[-6.336345,54.0947192],[-6.3399326,54.1118875],[-6.3662015,54.1137422],[-6.3635317,54.0726004],[-6.3914016,54.0587442],[-6.4434469,54.0564902],[-6.4777724,54.0771122],[-6.4712996,54.0663025],[-6.5105066,54.0526806],[-6.590865,54.0560824],[-6.5949918,54.0446177],[-6.5501533,54.0067287],[-6.5627648,53.9990416],[-6.5527646,53.9864972],[-6.572469,53.9690244],[-6.6198106,53.98391],[-6.6403958,53.9749915],[-6.6386953,53.9641116],[-6.6576652,53.9653827],[-6.6471323,53.9528627],[-6.6609731,53.9585042],[-6.6479709,53.9458355],[-6.6602871,53.9416911],[-6.6286806,53.9283254],[-6.6954081,53.9034357]]]}},{"type":"Feature","properties":{"county":"Mayo","name":"County Mayo"},"geometry":{"type":"MultiPolygon","coordinates":[[[[-10.2587681,53.9746132],[-10.2370227,53.9782452],[-10.1957376,53.960554],[-10.1892467,53.9700433],[-10.1251075,53.9736891],[-10.1167845,53.9602528],[-10.0669218,53.971866],[-10.0447994,53.9580024],[-10.0556332,53.9453335],[-10.0522385,53.9138547],[-10.0186914,53.9211701],[-9.9927586,53.9029587],[-10.0024756,53.8974221],[-9.9932017,53.8888198],[-9.9603804,53.8741752],[-9.9439957,53.8757279],[-9.9369059,53.8978724],[-9.9574131,53.9103002],[-9.9310217,53.9174546],[-9.9408011,53.9221904],[-9.9226356,53.9323643],[-9.9395631,53.9355886],[-9.9143188,53.9634641],[-9.9459687,53.9649076],[-9.9565025,53.9531152],[-9.9454255,53.9468467],[-9.969821,53.9510014],[-9.9518843,53.962748],[-9.9587402,53.9898751],[-9.9286146,53.995354],[-9.974926,54.0302048],[-9.9940142,54.0130499],[-10.0699355,54.0239836],[-10.1025814,54.0007441],[-10.1886782,54.0157068],[-10.1873683,53.9973548],[-10.2587681,53.9746132]]],[[[-10.239467,54.105713],[-10.2064651,54.1132134],[-10.2051938,54.1234004],[-10.239467,54.105713]]],[[[-10.209617,54.1328501],[-10.1803428,54.1297151],[-10.1949898,54.1425739],[-10.209617,54.1328501]]],[[[-10.1400103,53.6977762],[-10.1009235,53.6941634],[-10.0804407,53.7104805],[-10.1198308,53.7131093],[-10.1400103,53.6977762]]],[[[-10.1362505,54.108915],[-10.0940305,54.087674],[-10.0600711,54.098686],[-10.0931091,54.1153401],[-10.0871435,54.1268137],[-10.0665226,54.1242104],[-10.0755134,54.1391139],[-10.0565721,54.1464043],[-10.0928739,54.1589068],[-10.0427407,54.1676988],[-10.0362467,54.1769287],[-10.0487859,54.1919253],[-10.0110269,54.1816945],[-10.0138209,54.1929809],[-10.002082,54.1956228],[-10.0262065,54.2150694],[-10.0072425,54.2132282],[-10.0135157,54.2267972],[-9.9924431,54.2277248],[-9.95336,54.1954353],[-9.9153236,54.1970563],[-9.9420739,54.1750563],[-9.9854396,54.1815313],[-9.9555254,54.1725595],[-9.9389947,54.1523207],[-9.9217256,54.1544645],[-9.9572534,54.1538494],[-9.9602583,54.1432745],[-9.8970106,54.1176366],[-9.9291139,54.1212306],[-9.990746,54.1032217],[-9.9666249,54.0831464],[-9.9704176,54.0622534],[-9.8931663,54.0722326],[-9.9007487,54.096877],[-9.8821246,54.087664],[-9.8647255,54.1107604],[-9.8771307,54.1180348],[-9.8394196,54.1097847],[-9.8159053,54.1356441],[-9.8362631,54.116777],[-9.8200312,54.1082028],[-9.8619085,54.1064438],[-9.837243,54.0930375],[-9.8773008,54.070857],[-9.8347599,54.0667889],[-9.8565664,54.0694373],[-9.868009,54.0520412],[-9.8869448,54.0703606],[-9.9070267,54.0374727],[-9.8927588,54.0112109],[-9.8952767,54.0256553],[-9.8676588,54.019423],[-9.883986,54.0143758],[-9.869288,54.0044486],[-9.8523028,54.0020258],[-9.848191,54.0144387],[-9.8259053,53.9903695],[-9.8482816,53.9953264],[-9.8497928,53.965286],[-9.828854,53.9673905],[-9.8174063,53.9493728],[-9.8266389,53.9672861],[-9.7941461,53.9750193],[-9.8010258,53.9607607],[-9.7880672,53.9470496],[-9.7987117,53.9121333],[-9.8157158,53.9306326],[-9.7961125,53.9311087],[-9.8023321,53.9507731],[-9.9083395,53.9575329],[-9.9063172,53.9435364],[-9.9208822,53.9331455],[-9.9001829,53.9339935],[-9.9299647,53.9129133],[-9.9224854,53.8917645],[-9.9439436,53.8710116],[-9.9050683,53.8620051],[-9.833115,53.8723833],[-9.7767703,53.9055291],[-9.7444322,53.8912701],[-9.7295645,53.8947501],[-9.7483004,53.9011899],[-9.6783519,53.9004659],[-9.6670525,53.8903714],[-9.6542746,53.8998312],[-9.6499421,53.8867587],[-9.5870055,53.8974076],[-9.5869926,53.8884559],[-9.5747553,53.904221],[-9.5771633,53.8933346],[-9.5390387,53.8841871],[-9.587505,53.8810183],[-9.5517501,53.8766567],[-9.6018447,53.8658469],[-9.5619974,53.8667435],[-9.5771599,53.8621548],[-9.5539909,53.8564729],[-9.5909585,53.858913],[-9.5616997,53.8570629],[-9.5862095,53.8514361],[-9.5737016,53.8489062],[-9.5946089,53.8577131],[-9.6010977,53.8516026],[-9.5632225,53.8475104],[-9.6175008,53.8447506],[-9.6103703,53.8376597],[-9.6200737,53.8325576],[-9.5955732,53.833551],[-9.6187122,53.8304383],[-9.6084379,53.8207124],[-9.6268919,53.8264217],[-9.5976494,53.8150309],[-9.6171757,53.8115365],[-9.5867579,53.8088402],[-9.5955413,53.8028445],[-9.5442236,53.8041528],[-9.5793764,53.7927771],[-9.5696372,53.7886],[-9.5821089,53.7803921],[-9.6586234,53.7820882],[-9.6483833,53.8005954],[-9.7067911,53.7776576],[-9.7814834,53.7826382],[-9.9050704,53.7629138],[-9.8960957,53.7356394],[-9.9203423,53.6967598],[-9.9063922,53.6754965],[-9.9147136,53.6527818],[-9.8814387,53.6498283],[-9.8790605,53.6338341],[-9.7841934,53.602657],[-9.6980739,53.6045329],[-9.6713801,53.6162598],[-9.6468262,53.6004234],[-9.5823224,53.5990018],[-9.5643764,53.6120478],[-9.5451024,53.5820164],[-9.482168,53.562108],[-9.3605649,53.5737209],[-9.345412,53.5634959],[-9.3536088,53.5469419],[-9.3383231,53.5399741],[-9.310797,53.5553648],[-9.3058668,53.545249],[-9.2848175,53.5484502],[-9.2790839,53.5154993],[-9.2353803,53.4995397],[-9.2366769,53.4801478],[-9.2094349,53.4723829],[-9.1352361,53.4773799],[-9.099344,53.4938683],[-9.0921315,53.516043],[-9.0367353,53.5368282],[-9.0270102,53.5513566],[-9.0461768,53.5767777],[-9.0068172,53.5840874],[-9.0154321,53.5981978],[-8.9803002,53.6050445],[-8.988237,53.6186413],[-8.9740126,53.6273227],[-8.9713733,53.6553455],[-8.9427679,53.6618999],[-8.9014875,53.6420736],[-8.8999672,53.6527704],[-8.8425287,53.6529393],[-8.7921268,53.6958081],[-8.7592765,53.6908795],[-8.7128802,53.7121166],[-8.7144596,53.7246862],[-8.6933395,53.723977],[-8.700547,53.7337483],[-8.6801286,53.7531611],[-8.6842364,53.7666562],[-8.6662029,53.7764879],[-8.6930798,53.7976196],[-8.7394636,53.80995],[-8.7155738,53.8171413],[-8.7238306,53.847025],[-8.6955024,53.8517989],[-8.7046803,53.8740963],[-8.6479824,53.8653516],[-8.620637,53.8817124],[-8.6366174,53.889521],[-8.633244,53.8992015],[-8.6854341,53.9188141],[-8.6815726,53.9474596],[-8.6667936,53.9480086],[-8.6915117,53.9627525],[-8.6666995,53.9750008],[-8.5851144,53.9537922],[-8.5942463,53.9668464],[-8.5828347,54.0129442],[-8.6474282,54.0389868],[-8.6824458,54.0296703],[-8.6791496,54.0105952],[-8.7135427,53.9877285],[-8.7385036,53.9947441],[-8.7903732,53.9654758],[-8.8531121,53.973439],[-8.8807214,53.991782],[-8.8832264,54.0226656],[-8.9438861,54.0091632],[-8.9675354,54.0312754],[-9.0191484,54.0251772],[-9.0142044,54.052445],[-8.9655495,54.0732261],[-8.9599674,54.102331],[-8.916939,54.1181559],[-8.9455001,54.1321398],[-8.9367596,54.1430578],[-9.0227353,54.1623224],[-9.052552,54.1567864],[-9.0563446,54.1425652],[-9.1047926,54.1440685],[-9.1412123,54.1620347],[-9.1428147,54.1829143],[-9.1660044,54.1911996],[-9.1607103,54.2019363],[-9.2244982,54.2167092],[-9.197723,54.2293633],[-9.1959864,54.2474763],[-9.2683216,54.225143],[-9.2167601,54.2490695],[-9.2137261,54.2874604],[-9.2542536,54.2695338],[-9.2537295,54.3034667],[-9.3435319,54.327967],[-9.3816068,54.294259],[-9.3940823,54.308736],[-9.453854,54.3072201],[-9.498204,54.3209377],[-9.5167065,54.3090934],[-9.6158355,54.3270606],[-9.6615596,54.3135194],[-9.70998,54.3164287],[-9.7530908,54.3410063],[-9.7818422,54.3313669],[-9.7797777,54.3438496],[-9.8130269,54.3420926],[-9.8606613,54.3234432],[-9.8632293,54.3035517],[-9.7662587,54.287602],[-9.8084018,54.287335],[-9.7502723,54.2552129],[-9.7224459,54.270586],[-9.7325888,54.2598588],[-9.715158,54.2444153],[-9.7340075,54.2595664],[-9.7516631,54.2514818],[-9.8037094,54.2696751],[-9.8131668,54.2857108],[-9.8684708,54.2735853],[-9.879715,54.2568725],[-9.8721302,54.250627],[-9.8805347,54.2455341],[-9.8473418,54.2231734],[-9.8819521,54.2336469],[-9.8929769,54.2289097],[-9.8757236,54.2183388],[-9.9165349,54.2122753],[-9.9862988,54.2241555],[-9.9629801,54.2228222],[-9.9850577,54.2511815],[-9.9441632,54.2203061],[-9.9142652,54.2279149],[-9.9224887,54.2338952],[-9.9017602,54.2390022],[-9.8877155,54.269121],[-9.9153886,54.2620564],[-9.9229588,54.2750435],[-9.9287852,54.2485964],[-9.9393201,54.2480561],[-9.9303029,54.2703199],[-9.9620765,54.2727449],[-10.0018789,54.3057306],[-9.9999929,54.2951851],[-10.0265882,54.2823821],[-10.0529186,54.2851215],[-10.0823157,54.2697564],[-10.0751903,54.2552698],[-10.0960621,54.248956],[-10.0733515,54.2459613],[-10.0717527,54.234102],[-10.1100367,54.241482],[-10.0564659,54.2285624],[-10.0552292,54.2185162],[-10.0955257,54.1994839],[-10.0860523,54.1809198],[-10.1181766,54.1458939],[-10.1230257,54.1114229],[-10.1362505,54.108915]]],[[[-10.0532634,53.7881182],[-9.9867716,53.7897013],[-9.9415117,53.8071369],[-9.9853661,53.8286073],[-10.0493519,53.8028789],[-10.0532634,53.7881182]]],[[[-9.9685347,53.8709794],[-9.9425507,53.8580817],[-9.9436768,53.868565],[-9.9685347,53.8709794]]],[[[-9.9249752,53.9951488],[-9.8918816,53.9845042],[-9.8847003,54.003703],[-9.9249752,53.9951488]]],[[[-9.8762059,53.9894814],[-9.8718519,53.9689885],[-9.8553791,53.9739503],[-9.860333,53.9948514],[-9.8762059,53.9894814]]],[[[-9.1974129,54.2229673],[-9.1395112,54.2003968],[-9.1527068,54.2142267],[-9.1974129,54.2229673]]]]}},{"type":"Feature","properties":{"county":"Meath","name":"County Meath"},"geometry":{"type":"Polygon","coordinates":[[[-7.3436201,53.7990565],[-7.2318829,53.7356795],[-7.2387075,53.7164583],[-7.2101293,53.6961631],[-7.1350291,53.6735745],[-7.1204506,53.6828768],[-7.0679773,53.6449412],[-7.0027359,53.6769659],[-6.9557682,53.6561346],[-6.965513,53.6311953],[-6.9885589,53.6186857],[-6.9797816,53.6051559],[-6.9956236,53.5891421],[-6.9896278,53.5780721],[-7.0310307,53.5676731],[-7.0355334,53.5570537],[-7.0179334,53.5447183],[-7.0229434,53.522394],[-7.0354078,53.503646],[-7.068857,53.495131],[-7.0630729,53.4688266],[-7.1949026,53.434825],[-7.1421038,53.3955956],[-7.0971548,53.3821569],[-7.0793354,53.3823291],[-7.075466,53.3953503],[-7.0336086,53.4096407],[-7.0085867,53.4363135],[-6.9630132,53.4512373],[-6.9497566,53.4413693],[-6.9172118,53.4494132],[-6.8835312,53.4150428],[-6.832594,53.4006437],[-6.8116083,53.3984435],[-6.7955832,53.417951],[-6.7526639,53.4291679],[-6.6545553,53.3950934],[-6.5676516,53.3878187],[-6.5482435,53.4052456],[-6.4949853,53.3843329],[-6.4599693,53.3884342],[-6.4212421,53.4168253],[-6.4117786,53.4401735],[-6.3530107,53.4478046],[-6.3540728,53.4639264],[-6.3294635,53.4907902],[-6.4330104,53.5437663],[-6.4187238,53.5711029],[-6.3873206,53.5804507],[-6.389304,53.5910846],[-6.3221102,53.574403],[-6.2714281,53.5982195],[-6.2736222,53.6139399],[-6.2575558,53.6318109],[-6.2127982,53.6338361],[-6.2410762,53.6903448],[-6.2387725,53.721672],[-6.2691945,53.7320405],[-6.3231835,53.7163287],[-6.3121722,53.707922],[-6.3193857,53.7028869],[-6.3739946,53.6985036],[-6.3810171,53.7144776],[-6.4182915,53.7257541],[-6.4641367,53.7133403],[-6.4839542,53.7301177],[-6.4481689,53.7568784],[-6.4547837,53.766316],[-6.54778,53.7780004],[-6.5530452,53.7979416],[-6.5795221,53.8025546],[-6.602099,53.8634191],[-6.7305401,53.9174877],[-6.7792763,53.9162433],[-6.7935198,53.8866872],[-6.8231391,53.8975336],[-6.8463574,53.8886393],[-6.8450609,53.8788563],[-6.8813791,53.8752861],[-6.9240886,53.8928424],[-6.9357077,53.8913932],[-6.9306778,53.8721452],[-6.9565147,53.8636053],[-6.9732266,53.8720881],[-6.9630835,53.8437406],[-6.9128304,53.8088705],[-6.9401236,53.7983879],[-6.9333784,53.7826357],[-6.9631797,53.7910877],[-6.9814639,53.7726589],[-6.995448,53.7811564],[-7.0021641,53.7655541],[-7.1049553,53.7765748],[-7.1107086,53.7915182],[-7.1540604,53.806242],[-7.1567706,53.7941009],[-7.21257,53.7856393],[-7.2141652,53.7708819],[-7.2740816,53.7795807],[-7.3079969,53.8127253],[-7.3436201,53.7990565]]]}},{"type":"Feature","properties":{"county":"Monaghan","name":"County Monaghan"},"geometry":{"type":"Polygon","coordinates":[[[-7.3395628,54.1467174],[-7.3053349,54.1233641],[-7.3208248,54.1085635],[-7.2631611,54.093228],[-7.2233945,54.1023934],[-7.1501272,54.0820925],[-7.1181664,54.0956056],[-7.0871021,54.0817614],[-7.0491432,54.1005144],[-7.0177715,54.0986488],[-7.0255505,54.0792992],[-6.9397421,54.0334902],[-6.9250481,54.0119224],[-6.8889194,54.0117179],[-6.8302966,53.9320289],[-6.7305401,53.9174877],[-6.7138011,53.9032562],[-6.6302645,53.926757],[-6.6602871,53.9416911],[-6.6479709,53.9458355],[-6.6621853,53.9574366],[-6.6471323,53.9528627],[-6.6612505,53.962499],[-6.6375771,53.9646896],[-6.6430158,53.9715025],[-6.6277293,53.9821299],[-6.572469,53.9690244],[-6.5527646,53.9864972],[-6.5627648,53.9990416],[-6.5498911,54.006218],[-6.57379,54.0342741],[-6.5984065,54.0458095],[-6.6238101,54.0364597],[-6.6689028,54.0725445],[-6.6583963,54.0755641],[-6.6588461,54.096141],[-6.6450586,54.0959952],[-6.6612681,54.1226628],[-6.6485245,54.1216257],[-6.629684,54.153531],[-6.6439405,54.1799937],[-6.6916863,54.2001645],[-6.7407637,54.1819157],[-6.7559974,54.1990733],[-6.7951678,54.2090996],[-6.8161689,54.2230244],[-6.8277429,54.2614872],[-6.8780378,54.2792432],[-6.8590031,54.2819134],[-6.8508721,54.2972791],[-6.8761155,54.3465881],[-6.9064368,54.3504212],[-6.9110818,54.374531],[-6.9326882,54.3778625],[-6.9235358,54.3827665],[-7.028733,54.4213295],[-7.1097858,54.3682436],[-7.1038807,54.3557382],[-7.1534387,54.3350128],[-7.1888248,54.3376494],[-7.1791868,54.309676],[-7.2121862,54.2996241],[-7.1730151,54.2861306],[-7.1793724,54.2725964],[-7.1609173,54.2737117],[-7.1422492,54.2555935],[-7.1589271,54.2439561],[-7.1450287,54.2247272],[-7.1881122,54.2248887],[-7.2480558,54.2044601],[-7.2329953,54.1978367],[-7.2594208,54.1922517],[-7.2582784,54.177372],[-7.240283,54.1696954],[-7.2581192,54.1645085],[-7.2525119,54.1556638],[-7.2789457,54.1225548],[-7.3089111,54.1321133],[-7.2855117,54.1362582],[-7.301494,54.144214],[-7.279967,54.167969],[-7.3102389,54.1672991],[-7.3395628,54.1467174]]]}},{"type":"Feature","properties":{"county":"Offaly","name":"County Offaly"},"geometry":{"type":"Polygon","coordinates":[[[-8.0837161,53.1699187],[-7.9204913,53.1041925],[-7.936315,53.0447724],[-7.9635437,53.0417467],[-7.9499427,52.9954356],[-7.9928488,52.9988198],[-8.0079323,52.9850059],[-7.9752672,52.9484491],[-7.9929678,52.9310284],[-8.0461323,52.9398223],[-8.0550952,52.9280206],[-8.0379647,52.9117352],[-8.0475057,52.9001376],[-8.039607,52.8891821],[-7.9873091,52.8791786],[-7.9982243,52.8651713],[-7.9694194,52.8481793],[-7.945048,52.8663647],[-7.9610935,52.8930267],[-7.9252518,52.8770339],[-7.9122878,52.8842518],[-7.9173177,52.89702],[-7.8944116,52.8933763],[-7.8842451,52.9000105],[-7.8922339,52.9069189],[-7.8606249,52.9161383],[-7.8713461,52.9236639],[-7.8434181,52.933831],[-7.8672195,52.9457873],[-7.8645656,52.9564724],[-7.8451213,52.9554058],[-7.8022714,52.9817076],[-7.7593383,52.960881],[-7.7305476,52.9575497],[-7.7174393,52.9688426],[-7.6964569,53.027097],[-7.6543254,53.0405277],[-7.6581619,53.0507583],[-7.6112236,53.0731286],[-7.5873492,53.1001922],[-7.6449645,53.1430246],[-7.6326457,53.1679894],[-7.5473859,53.1766092],[-7.4872311,53.1968117],[-7.432294,53.1868742],[-7.4293354,53.2067229],[-7.3800085,53.2156177],[-7.3335074,53.1869704],[-7.3173653,53.1697808],[-7.333042,53.1693454],[-7.3221667,53.1484494],[-7.3008781,53.1344084],[-7.237516,53.1391611],[-7.1803414,53.1747721],[-7.1718017,53.1575089],[-7.115562,53.1584226],[-7.106086,53.1680546],[-7.1248423,53.1806248],[-7.1688618,53.1849227],[-7.0361216,53.1900511],[-7.0410598,53.208237],[-7.0121424,53.218119],[-7.0720729,53.2347234],[-7.0189537,53.2532305],[-7.0341998,53.278331],[-6.9911949,53.286339],[-7.0132155,53.2964231],[-6.977759,53.3076707],[-7.024501,53.3308614],[-7.0421465,53.3567239],[-7.0882,53.3683751],[-7.0815072,53.3818667],[-7.1986971,53.4242735],[-7.2189295,53.4061645],[-7.2776856,53.3993256],[-7.3991579,53.3301425],[-7.4241205,53.3346541],[-7.4558677,53.3178562],[-7.5288302,53.3472291],[-7.5280392,53.3215789],[-7.5659101,53.3518547],[-7.56632,53.3794738],[-7.6248401,53.4180421],[-7.6795295,53.4023911],[-7.7093362,53.3799787],[-7.7151245,53.3698794],[-7.703844,53.366347],[-7.7621956,53.3480782],[-7.8194887,53.3563213],[-7.8465507,53.3411992],[-7.9233423,53.3632249],[-7.9431522,53.34128],[-8.0256051,53.3221371],[-8.0239879,53.3042399],[-8.0556969,53.2739611],[-7.9713465,53.2328892],[-7.970894,53.2141992],[-7.9930954,53.1932625],[-8.049465,53.1936151],[-8.0837161,53.1699187]]]}},{"type":"Feature","properties":{"county":"Roscommon","name":"County Roscommon"},"geometry":{"type":"Polygon","coordinates":[[[-8.8236845,53.6656765],[-8.7943914,53.6570606],[-8.659163,53.6757443],[-8.6347583,53.7041818],[-8.5810951,53.7086679],[-8.5735094,53.7188632],[-8.468757,53.7154475],[-8.4418271,53.7033231],[-8.4594003,53.7001816],[-8.4334259,53.6736267],[-8.361591,53.6481868],[-8.4109098,53.6248645],[-8.3899558,53.626664],[-8.3786423,53.5989065],[-8.353784,53.5987919],[-8.3374743,53.5881112],[-8.3410146,53.5781684],[-8.2833085,53.5651597],[-8.3081405,53.5600615],[-8.2850608,53.5377466],[-8.2942748,53.5306332],[-8.27704,53.5240953],[-8.2930027,53.5095534],[-8.2706753,53.479418],[-8.2874904,53.471639],[-8.2380051,53.445065],[-8.2631951,53.4329476],[-8.2569817,53.4133729],[-8.2246594,53.3960591],[-8.2438472,53.3669469],[-8.2324552,53.3496202],[-8.1876325,53.3361913],[-8.1954108,53.3078451],[-8.1757725,53.2877131],[-8.0566767,53.271555],[-8.0239879,53.3042399],[-8.0256051,53.3221371],[-7.9431522,53.34128],[-7.9375488,53.3572588],[-7.9101582,53.3710683],[-7.9400449,53.4125174],[-7.9728953,53.4222596],[-7.9524971,53.4314163],[-7.9665879,53.4497309],[-7.9551797,53.482757],[-7.9809238,53.5521454],[-8.0361719,53.6075388],[-8.0361739,53.630757],[-8.026487,53.6534041],[-7.9841941,53.6807107],[-7.987965,53.6986268],[-7.9496742,53.7131489],[-7.9473359,53.7371782],[-7.9191856,53.7345434],[-7.8758821,53.7773484],[-7.9095704,53.7942814],[-7.9286536,53.8503914],[-7.9814993,53.8699834],[-7.9775629,53.8882394],[-7.9937596,53.9212673],[-8.0249561,53.935925],[-8.0310198,53.9216327],[-8.0622422,53.9097114],[-8.0934649,53.9302103],[-8.0844296,53.9427125],[-8.1152848,53.9526142],[-8.0686541,53.9869184],[-8.0915948,54.0339209],[-8.0477577,54.0717124],[-8.053175,54.1046051],[-8.1480643,54.1252412],[-8.1635069,54.1089579],[-8.1529972,54.101606],[-8.2197611,54.0839813],[-8.2148742,54.0683956],[-8.2391886,54.0582011],[-8.2383652,54.0397761],[-8.2632623,54.0532553],[-8.3028561,54.0376168],[-8.3151182,54.0045849],[-8.3978794,54.0016509],[-8.3823615,53.9715748],[-8.4253447,53.9643206],[-8.3468159,53.9509763],[-8.336208,53.926233],[-8.4347533,53.9290369],[-8.469003,53.9130079],[-8.5188397,53.9262695],[-8.5369688,53.9580734],[-8.6007062,53.9582215],[-8.5987341,53.9500109],[-8.6800638,53.9708556],[-8.6914176,53.9620305],[-8.6667891,53.9479582],[-8.6815726,53.9474596],[-8.6854341,53.9188141],[-8.633244,53.8992015],[-8.6366174,53.889521],[-8.620637,53.8817124],[-8.6479824,53.8653516],[-8.7046803,53.8740963],[-8.6955024,53.8517989],[-8.7237649,53.8471271],[-8.7155738,53.8171413],[-8.7394636,53.80995],[-8.6930798,53.7976196],[-8.6662029,53.7764879],[-8.6842364,53.7666562],[-8.6801286,53.7531611],[-8.700547,53.7337483],[-8.6933395,53.723977],[-8.7144596,53.7246862],[-8.7128802,53.7121166],[-8.7592765,53.6908795],[-8.7921268,53.6958081],[-8.8236845,53.6656765]]]}},{"type":"Feature","properties":{"county":"Sligo","name":"County Sligo"},"geometry":{"type":"MultiPolygon","coordinates":[[[[-9.1365905,54.1777729],[-9.1344005,54.1636022],[-9.1001316,54.14265],[-9.0563446,54.1425652],[-9.052552,54.1567864],[-9.0227353,54.1623224],[-8.9367596,54.1430578],[-8.9455001,54.1321398],[-8.9198231,54.1222459],[-8.9258693,54.1103143],[-8.9599674,54.102331],[-8.9655495,54.0732261],[-9.0142044,54.052445],[-9.0191484,54.0251772],[-8.9675354,54.0312754],[-8.9438861,54.0091632],[-8.8832264,54.0226656],[-8.8807214,53.991782],[-8.8531121,53.973439],[-8.7903732,53.9654758],[-8.7385036,53.9947441],[-8.7135427,53.9877285],[-8.6791496,54.0105952],[-8.6824458,54.0296703],[-8.6474282,54.0389868],[-8.5828347,54.0129442],[-8.5942463,53.9668464],[-8.5851144,53.9537922],[-8.5369688,53.9580734],[-8.5188397,53.9262695],[-8.469003,53.9130079],[-8.4347533,53.9290369],[-8.3329202,53.9276609],[-8.3468159,53.9509763],[-8.4254682,53.964663],[-8.3823615,53.9715748],[-8.3978794,54.0016509],[-8.3151182,54.0045849],[-8.2945348,54.0448279],[-8.2818664,54.038361],[-8.2626082,54.0532312],[-8.2383652,54.0397761],[-8.2391886,54.0582011],[-8.2148742,54.0683956],[-8.2197611,54.0839813],[-8.1529972,54.101606],[-8.2277777,54.154858],[-8.2813272,54.1525854],[-8.3305875,54.1750306],[-8.3163408,54.1879939],[-8.3477235,54.1993162],[-8.3322174,54.2113288],[-8.3408039,54.2229367],[-8.3316996,54.2401831],[-8.3482335,54.3038627],[-8.3897336,54.3202294],[-8.3995481,54.3598682],[-8.3653752,54.3720593],[-8.3444548,54.4213034],[-8.3952823,54.4279833],[-8.3948836,54.4184124],[-8.4198403,54.4149161],[-8.4277309,54.4210683],[-8.4094112,54.4400313],[-8.3721684,54.4554288],[-8.3861002,54.465332],[-8.4411405,54.4523696],[-8.4542951,54.4729961],[-8.489257,54.4543944],[-8.4660168,54.4404231],[-8.4967977,54.4142266],[-8.5458664,54.3925937],[-8.5637605,54.4013196],[-8.5081706,54.4242515],[-8.5472,54.4062519],[-8.5680736,54.4123541],[-8.5705278,54.3917609],[-8.681992,54.3547721],[-8.643006,54.3212806],[-8.6423953,54.3338571],[-8.5772038,54.3440864],[-8.5362245,54.3360691],[-8.544331,54.3286994],[-8.5010647,54.328345],[-8.5075635,54.3155133],[-8.5278553,54.3147684],[-8.5601419,54.3238225],[-8.5636557,54.3352327],[-8.5771435,54.3065746],[-8.5149287,54.3003437],[-8.4788644,54.2862751],[-8.4867265,54.28118],[-8.4741831,54.2724408],[-8.4953114,54.2857593],[-8.5678026,54.2756017],[-8.6112628,54.2843812],[-8.6072028,54.2736331],[-8.6252102,54.2559552],[-8.6026933,54.2608622],[-8.5730395,54.2327241],[-8.5016778,54.2214444],[-8.5125321,54.2146326],[-8.5771477,54.2168718],[-8.5844763,54.2076366],[-8.5903627,54.2233187],[-8.6369779,54.238577],[-8.6275977,54.2454332],[-8.6490685,54.2513097],[-8.6278519,54.2477247],[-8.6598578,54.2718968],[-8.7255616,54.2627302],[-8.761109,54.2793876],[-8.8270209,54.2529221],[-8.9316577,54.2933456],[-9.0238944,54.2964613],[-9.0554196,54.2934146],[-9.0539422,54.2739888],[-9.0948249,54.2143445],[-9.1347432,54.2055549],[-9.1049387,54.2036368],[-9.1274495,54.1958803],[-9.1241602,54.1820442],[-9.1365905,54.1777729]]],[[[-8.5994681,54.2996223],[-8.5894929,54.2864162],[-8.5766142,54.3003087],[-8.5994681,54.2996223]]]]}},{"type":"Feature","properties":{"county":"Tipperary","name":"County Tipperary"},"geometry":{"type":"Polygon","coordinates":[[[-8.4802918,52.757379],[-8.4661522,52.6975112],[-8.45106,52.6846786],[-8.4276422,52.6778812],[-8.402437,52.6926381],[-8.3593047,52.6794061],[-8.2965083,52.6962947],[-8.2286101,52.6620969],[-8.1892966,52.6709932],[-8.1950138,52.6445853],[-8.2150499,52.632815],[-8.2194257,52.6103729],[-8.2091257,52.6021091],[-8.23757,52.5817989],[-8.2242662,52.5720252],[-8.2355967,52.5621649],[-8.2258511,52.5552276],[-8.231619,52.5152056],[-8.2856793,52.5215305],[-8.3263171,52.5053984],[-8.3134769,52.4912542],[-8.3300534,52.4804505],[-8.3400183,52.487822],[-8.3354384,52.5128285],[-8.360266,52.5108383],[-8.4061811,52.4665989],[-8.3862439,52.4327875],[-8.3672649,52.4454164],[-8.3506367,52.4336042],[-8.3201398,52.4396537],[-8.309489,52.4199659],[-8.2839241,52.4143251],[-8.2825766,52.4011319],[-8.2309029,52.4103713],[-8.2149635,52.3644782],[-8.1680612,52.3678813],[-8.1666219,52.3451952],[-8.1830223,52.330171],[-8.1563716,52.300668],[-8.1832629,52.2876264],[-8.1652021,52.2776563],[-8.1609398,52.2419007],[-8.1022678,52.2310862],[-8.1047735,52.2064452],[-8.0030934,52.2020391],[-7.9898373,52.2101724],[-7.9909528,52.2430485],[-7.9425147,52.2463251],[-7.9158964,52.227922],[-7.8507354,52.227509],[-7.8113562,52.2106753],[-7.7952995,52.2213648],[-7.7459479,52.2163751],[-7.7479184,52.2513138],[-7.7965897,52.298465],[-7.7876879,52.3422425],[-7.596785,52.3639037],[-7.3737686,52.334081],[-7.3722671,52.345799],[-7.3970582,52.3641205],[-7.3850288,52.4244625],[-7.4679085,52.4722707],[-7.4200089,52.5108312],[-7.4533389,52.5107812],[-7.451461,52.5819648],[-7.4801795,52.5963359],[-7.4749724,52.6159608],[-7.5108278,52.642533],[-7.5477114,52.7004507],[-7.6477609,52.7321667],[-7.6698065,52.7555333],[-7.6941613,52.8293525],[-7.7321624,52.8520304],[-7.7172871,52.8651969],[-7.7252353,52.8880595],[-7.665876,52.9212629],[-7.6610436,52.9353499],[-7.7022192,52.9340922],[-7.7305476,52.9575497],[-7.8022714,52.9817076],[-7.8451213,52.9554058],[-7.8645656,52.9564724],[-7.8672195,52.9457873],[-7.8434181,52.933831],[-7.8713461,52.9236639],[-7.8606249,52.9161383],[-7.8922339,52.9069189],[-7.8842451,52.9000105],[-7.8944116,52.8933763],[-7.9173177,52.89702],[-7.9141711,52.8820945],[-7.9324406,52.8761995],[-7.9610935,52.8930267],[-7.9443511,52.8705782],[-7.9655975,52.8491864],[-7.9982243,52.8651713],[-7.9873091,52.8791786],[-8.039607,52.8891821],[-8.0475057,52.9001376],[-8.0379647,52.9117352],[-8.0550952,52.9280206],[-8.0461323,52.9398223],[-7.9929678,52.9310284],[-7.9752672,52.9484491],[-8.0079323,52.9850059],[-7.9928488,52.9988198],[-7.9499427,52.9954356],[-7.9635437,53.0417467],[-7.936315,53.0447724],[-7.9206731,53.0851322],[-7.9210803,53.1048669],[-7.9776724,53.1343083],[-8.0776831,53.1675995],[-8.125135,53.1595525],[-8.2189193,53.067677],[-8.2678918,53.0560242],[-8.2783904,53.018677],[-8.3168271,52.9851702],[-8.2824194,52.9704534],[-8.3384967,52.9152403],[-8.4075363,52.9126225],[-8.4187716,52.8755175],[-8.4553793,52.8470276],[-8.4393573,52.792308],[-8.4802918,52.757379]]]}},{"type":"Feature","properties":{"county":"Waterford","name":"County Waterford"},"geometry":{"type":"MultiPolygon","coordinates":[[[[-8.1627834,52.1409854],[-8.066199,52.1403414],[-8.0621972,52.1262291],[-8.0784324,52.1370874],[-8.0827751,52.1286211],[-8.0280591,52.1032653],[-8.0139359,52.0742338],[-8.0225056,52.0558673],[-7.9867807,52.0345632],[-7.9572127,52.036224],[-7.9611901,52.0232653],[-7.9277716,52.0079213],[-7.9197811,51.9762381],[-7.853341,51.9786055],[-7.8297939,51.9408194],[-7.7737901,51.9523704],[-7.7316631,51.9380311],[-7.7081761,51.9416858],[-7.7225535,51.9521072],[-7.7011096,51.9728593],[-7.58557,51.99133],[-7.575409,52.0342122],[-7.5387966,52.0481422],[-7.5885357,52.0513915],[-7.6108781,52.0852159],[-7.6052295,52.0633344],[-7.6494016,52.0647087],[-7.6277289,52.0662648],[-7.6339629,52.0834479],[-7.5852147,52.1007767],[-7.5957507,52.1078689],[-7.5531655,52.0776037],[-7.5395293,52.0987797],[-7.493975,52.1030563],[-7.425341,52.1304457],[-7.2919847,52.1412185],[-7.1846757,52.1323992],[-7.1520326,52.1580897],[-7.0882315,52.1512341],[-7.1306411,52.158389],[-7.1364031,52.1736467],[-7.1202316,52.1618008],[-7.1229116,52.1694679],[-7.0834477,52.1616282],[-7.0703517,52.1713207],[-7.077712,52.1604869],[-7.0630788,52.1603138],[-7.1084747,52.1275261],[-7.0561766,52.1394186],[-7.0231006,52.1333326],[-6.9499465,52.1793725],[-6.982613,52.1864277],[-6.9655304,52.2406094],[-6.9905498,52.2535163],[-6.9821225,52.2667211],[-6.9900028,52.2754162],[-7.0874887,52.2515821],[-7.1002688,52.2703895],[-7.1581499,52.279519],[-7.2191838,52.243083],[-7.2644152,52.2663536],[-7.3095969,52.3213268],[-7.3582593,52.3422178],[-7.4314884,52.3381403],[-7.444811,52.3494708],[-7.5975196,52.3638874],[-7.7895413,52.3411388],[-7.7965897,52.298465],[-7.7479184,52.2513138],[-7.7459479,52.2163751],[-7.7952995,52.2213648],[-7.8113562,52.2106753],[-7.8507354,52.227509],[-7.9158964,52.227922],[-7.9425147,52.2463251],[-7.9909528,52.2430485],[-7.9898373,52.2101724],[-8.0029054,52.2020929],[-8.1253754,52.2011678],[-8.1285469,52.174659],[-8.1543955,52.1646596],[-8.1627834,52.1409854]]]]}},{"type":"Feature","properties":{"county":"Westmeath","name":"County Westmeath"},"geometry":{"type":"Polygon","coordinates":[[[-7.9728953,53.4222596],[-7.9238931,53.3949149],[-7.9101582,53.3710683],[-7.9233423,53.3632249],[-7.8465507,53.3411992],[-7.8299422,53.3550285],[-7.7721056,53.3470016],[-7.7172572,53.360098],[-7.6795295,53.4023911],[-7.6248401,53.4180421],[-7.56632,53.3794738],[-7.5659101,53.3518547],[-7.5280392,53.3215789],[-7.5288302,53.3472291],[-7.4558677,53.3178562],[-7.4241205,53.3346541],[-7.3991579,53.3301425],[-7.2776856,53.3993256],[-7.2149644,53.4075007],[-7.2096274,53.421625],[-7.1923671,53.4232709],[-7.1949026,53.434825],[-7.0630729,53.4688266],[-7.068857,53.495131],[-7.0354078,53.503646],[-7.0229434,53.522394],[-7.0179334,53.5447183],[-7.0355334,53.5570537],[-7.0310307,53.5676731],[-6.9896278,53.5780721],[-6.9956236,53.5891421],[-6.9797816,53.6051559],[-6.9885589,53.6186857],[-6.965513,53.6311953],[-6.954844,53.6544635],[-6.9980759,53.677391],[-7.0679773,53.6449412],[-7.1204506,53.6828768],[-7.1350291,53.6735745],[-7.2101293,53.6961631],[-7.2387075,53.7164583],[-7.2318829,53.7356795],[-7.3436201,53.7990565],[-7.4100543,53.7790278],[-7.3772179,53.76341],[-7.385881,53.7350607],[-7.4164558,53.7239615],[-7.4296284,53.7349426],[-7.4586978,53.7297691],[-7.4918434,53.6995734],[-7.5157739,53.7085061],[-7.5096467,53.6988313],[-7.5282262,53.6999758],[-7.5348482,53.6849936],[-7.5287321,53.6743845],[-7.5683096,53.6712742],[-7.5691891,53.6464342],[-7.6115088,53.6596793],[-7.6150882,53.6488257],[-7.5699353,53.6352206],[-7.5598747,53.6136115],[-7.605019,53.6098966],[-7.6033426,53.5959408],[-7.6278423,53.5910598],[-7.6610256,53.5585267],[-7.6619001,53.5332963],[-7.7052853,53.5385172],[-7.745914,53.5269116],[-7.8576834,53.5491649],[-7.914517,53.5447172],[-7.9697698,53.521832],[-7.9549605,53.4811264],[-7.9662665,53.4469211],[-7.9524971,53.4314163],[-7.9728953,53.4222596]]]}},{"type":"Feature","properties":{"county":"Wexford","name":"County Wexford"},"geometry":{"type":"MultiPolygon","coordinates":[[[[-7.0178068,52.2958485],[-6.9834239,52.2704905],[-6.9872484,52.2498334],[-6.9522973,52.2420689],[-6.9043718,52.2000774],[-6.9131525,52.1915279],[-6.8994552,52.1581104],[-6.9318011,52.1230624],[-6.9089794,52.1300717],[-6.8820649,52.1613898],[-6.8242014,52.1753651],[-6.8320283,52.1816852],[-6.8197166,52.1917494],[-6.8430112,52.1865701],[-6.8286474,52.1910019],[-6.8201496,52.2137723],[-6.8522031,52.2067954],[-6.7983873,52.2438399],[-6.772809,52.2469284],[-6.7580446,52.2667988],[-6.7534558,52.2475705],[-6.7864771,52.2289937],[-6.7887158,52.2146187],[-6.7974866,52.2241917],[-6.8177598,52.2152296],[-6.7857914,52.2042428],[-6.705956,52.2191103],[-6.6515093,52.213727],[-6.6514894,52.223004],[-6.6308709,52.2027906],[-6.7153552,52.2160308],[-6.6505122,52.2036049],[-6.5964644,52.1696935],[-6.4765206,52.1912113],[-6.3600753,52.1740801],[-6.3441032,52.1898246],[-6.3427144,52.2136392],[-6.3135677,52.2406427],[-6.3379496,52.2572376],[-6.3743775,52.2576757],[-6.3885074,52.2803662],[-6.3875856,52.3098612],[-6.4016595,52.2880064],[-6.4469696,52.3076964],[-6.4556131,52.340264],[-6.4355399,52.356044],[-6.3581307,52.3453162],[-6.3645868,52.3732691],[-6.352607,52.4091276],[-6.2134765,52.532409],[-6.1932254,52.5633419],[-6.2295827,52.6247968],[-6.2260872,52.6480144],[-6.1407054,52.7355547],[-6.1835265,52.7480063],[-6.1683651,52.7490536],[-6.1679533,52.7662494],[-6.2428179,52.7783382],[-6.2557513,52.7944283],[-6.2918319,52.7818064],[-6.3175387,52.7974496],[-6.3527868,52.7961436],[-6.4057907,52.7835833],[-6.417,52.755377],[-6.4323361,52.7547043],[-6.4326701,52.7351088],[-6.4974331,52.6903351],[-6.5656216,52.6819824],[-6.5744288,52.7047823],[-6.6162544,52.7134287],[-6.6749793,52.677934],[-6.6797003,52.6683848],[-6.6505425,52.6563676],[-6.6762543,52.6378335],[-6.7299526,52.6428002],[-6.7803991,52.618111],[-6.7784235,52.5782985],[-6.8367384,52.5305055],[-6.8329733,52.5167078],[-6.8651676,52.4765152],[-6.9172526,52.4635897],[-6.9273449,52.4415021],[-6.91509,52.4290027],[-6.9260579,52.4203658],[-6.9614415,52.421676],[-6.9407594,52.402969],[-6.9556693,52.3989188],[-6.9648845,52.3686313],[-6.9922303,52.3631844],[-6.9862659,52.3214347],[-7.0178068,52.2958485]]]]}},{"type":"Feature","properties":{"county":"Wicklow","name":"County Wicklow"},"geometry":{"type":"MultiPolygon","coordinates":[[[[-6.7922685,52.9921471],[-6.7368147,52.9413236],[-6.7372347,52.9157823],[-6.5901467,52.8971797],[-6.5868072,52.8795595],[-6.549244,52.8746675],[-6.5270545,52.890058],[-6.5049559,52.877598],[-6.5290546,52.8649176],[-6.5285732,52.8265133],[-6.5182684,52.8195065],[-6.5872685,52.8034716],[-6.6647163,52.8362291],[-6.6724451,52.8163304],[-6.7025095,52.8053206],[-6.6963826,52.796284],[-6.7113993,52.781609],[-6.6564161,52.7687302],[-6.6456886,52.7515939],[-6.6542289,52.7461495],[-6.6204187,52.7090415],[-6.5744288,52.7047823],[-6.5656216,52.6819824],[-6.4974331,52.6903351],[-6.4326701,52.7351088],[-6.4158224,52.776218],[-6.3686134,52.7952711],[-6.3175387,52.7974496],[-6.2918319,52.7818064],[-6.2557513,52.7944283],[-6.2428179,52.7783382],[-6.1679533,52.7662494],[-6.1683651,52.7490536],[-6.1835265,52.7480063],[-6.1446411,52.7377379],[-6.136763,52.7934878],[-6.1651224,52.8012175],[-6.1379577,52.7936659],[-6.1091821,52.835508],[-6.0569369,52.8584424],[-6.0621274,52.8766963],[-5.9975809,52.9652639],[-6.0574617,52.9965438],[-6.054337,53.0159457],[-6.0507839,52.9903234],[-6.0345301,52.9813666],[-6.0502545,53.0051455],[-6.0348102,53.0692743],[-6.0426287,53.1208465],[-6.0987265,53.2093564],[-6.1357942,53.1990084],[-6.1823212,53.2208748],[-6.2395983,53.2021582],[-6.3047104,53.2244834],[-6.3121941,53.1944992],[-6.3318774,53.1782636],[-6.3746015,53.1924922],[-6.3682955,53.2138257],[-6.4027898,53.2082362],[-6.4197392,53.2313095],[-6.4609461,53.2252042],[-6.4752485,53.2344195],[-6.5087225,53.2143823],[-6.5001582,53.2024868],[-6.5197867,53.1863672],[-6.5617028,53.1800187],[-6.5399707,53.1671702],[-6.5786467,53.1461543],[-6.5654696,53.1321087],[-6.5719127,53.1229868],[-6.6242588,53.1045959],[-6.6292398,53.0921051],[-6.7332657,53.0650994],[-6.7314665,53.0468017],[-6.7757235,53.0208042],[-6.7661076,53.0087607],[-6.7922685,52.9921471]]]]}}]}